Feature0,Ranking0,Feature1,Ranking1,Feature2,Ranking2,Feature3,Ranking3,Feature4,Ranking4,Feature5,Ranking5,Feature6,Ranking6,Feature7,Ranking7,Feature8,Ranking8,Feature9,Ranking9,Feature10,Ranking10,Feature11,Ranking11,Feature12,Ranking12,Feature13,Ranking13,Feature14,Ranking14,Feature15,Ranking15
"('1day', 'Sabah')",26,"('1day', 'W.P. Kuala Lumpur')",17,"('10mth', 'W.P. Labuan')",26,"('1day', 'Perak')",12,"('1day', 'Negeri Sembilan')",1,"('1day', 'Kedah')",1,"('1day', 'Pulau Pinang')",26,"('1day', 'Negeri Sembilan')",1,"('1mth', 'Sabah')",20,"('1day', 'Kedah')",28,"('1day', 'Negeri Sembilan')",1,"('1day', 'Melaka')",1,"('1day', 'W.P. Kuala Lumpur')",15,"('1day', 'Selangor')",20,"('1day', 'Pulau Pinang')",1,"('1day', 'Melaka')",1
"('1day', 'Selangor')",3,"('1day', 'W.P. Putrajaya')",10,"('10mth', 'W.P. Putrajaya')",25,"('1day', 'Selangor')",1,"('1day', 'Pahang')",1,"('1day', 'Kelantan')",13,"('1day', 'Sabah')",1,"('1day', 'Perak')",18,"('1mth', 'W.P. Labuan')",8,"('1day', 'Kelantan')",1,"('1day', 'Pahang')",1,"('1day', 'Negeri Sembilan')",1,"('1day', 'W.P. Labuan')",1,"('1day', 'W.P. Kuala Lumpur')",8,"('1day', 'Sabah')",1,"('1day', 'Pahang')",9
"('1day', 'W.P. Kuala Lumpur')",6,"('1mth', 'Negeri Sembilan')",28,"('11mth', 'Johor')",22,"('1mth', 'Melaka')",15,"('1day', 'Perak')",1,"('1day', 'Melaka')",1,"('1day', 'Sarawak')",12,"('1day', 'Perlis')",1,"('1week', 'Melaka')",24,"('1day', 'Melaka')",1,"('1day', 'Perak')",1,"('1day', 'Pahang')",1,"('1day', 'W.P. Putrajaya')",1,"('1day', 'W.P. Labuan')",12,"('1day', 'Selangor')",1,"('1day', 'Perak')",1
"('1day', 'W.P. Labuan')",1,"('1mth', 'Sabah')",21,"('11mth', 'Kedah')",19,"('1mth', 'Terengganu')",16,"('1day', 'Perlis')",1,"('1day', 'Negeri Sembilan')",1,"('1day', 'Selangor')",11,"('1day', 'Pulau Pinang')",16,"('1week', 'Pulau Pinang')",17,"('1day', 'Negeri Sembilan')",1,"('1day', 'Perlis')",1,"('1day', 'Perak')",1,"('1mth', 'Johor')",21,"('1mth', 'Selangor')",28,"('1day', 'W.P. Kuala Lumpur')",1,"('1day', 'Pulau Pinang')",14
"('1mth', 'Sarawak')",19,"('1mth', 'Sarawak')",14,"('11mth', 'Kelantan')",18,"('1week', 'Johor')",6,"('1day', 'Pulau Pinang')",1,"('1day', 'Pahang')",1,"('1day', 'Terengganu')",1,"('1day', 'Sabah')",1,"('1week', 'Sarawak')",26,"('1day', 'Pahang')",1,"('1day', 'Pulau Pinang')",1,"('1day', 'Perlis')",1,"('1mth', 'Kedah')",1,"('1week', 'Melaka')",1,"('1day', 'W.P. Labuan')",1,"('1day', 'Sabah')",26
"('1week', 'Johor')",20,"('1mth', 'Selangor')",11,"('11mth', 'Melaka')",17,"('1week', 'Kedah')",26,"('1day', 'Sabah')",1,"('1day', 'Perak')",1,"('1day', 'W.P. Kuala Lumpur')",1,"('1day', 'Selangor')",1,"('1week', 'W.P. Kuala Lumpur')",10,"('1day', 'Perak')",1,"('1day', 'Sabah')",1,"('1day', 'Pulau Pinang')",1,"('1mth', 'Kelantan')",1,"('1week', 'Pahang')",5,"('1mth', 'Johor')",1,"('1day', 'W.P. Putrajaya')",1
"('1week', 'Kedah')",28,"('1mth', 'W.P. Labuan')",30,"('11mth', 'Negeri Sembilan')",15,"('1week', 'Melaka')",25,"('1day', 'Sarawak')",1,"('1day', 'Pulau Pinang')",1,"('1day', 'W.P. Labuan')",1,"('1day', 'Terengganu')",1,"('2day', 'Kedah')",1,"('1day', 'Perlis')",1,"('1day', 'Sarawak')",1,"('1day', 'Sabah')",1,"('1mth', 'Melaka')",1,"('1week', 'Perak')",23,"('1mth', 'Kelantan')",27,"('1mth', 'Negeri Sembilan')",21
"('1week', 'Negeri Sembilan')",1,"('1week', 'Johor')",1,"('11mth', 'Pahang')",14,"('1week', 'Perak')",2,"('1day', 'Selangor')",1,"('1day', 'Sabah')",1,"('1day', 'W.P. Putrajaya')",1,"('1day', 'W.P. Kuala Lumpur')",1,"('2day', 'Negeri Sembilan')",1,"('1day', 'Pulau Pinang')",1,"('1day', 'Selangor')",1,"('1day', 'Sarawak')",1,"('1mth', 'Negeri Sembilan')",1,"('1week', 'Pulau Pinang')",21,"('1mth', 'Negeri Sembilan')",1,"('1mth', 'Pulau Pinang')",8
"('1week', 'W.P. Kuala Lumpur')",22,"('1week', 'Negeri Sembilan')",2,"('11mth', 'Perak')",13,"('1week', 'Sarawak')",4,"('1day', 'Terengganu')",1,"('1day', 'Sarawak')",1,"('1mth', 'Johor')",1,"('1day', 'W.P. Putrajaya')",1,"('2day', 'Perlis')",27,"('1day', 'Sabah')",1,"('1day', 'Terengganu')",1,"('1day', 'Selangor')",1,"('1mth', 'Pahang')",1,"('2day', 'Melaka')",19,"('1mth', 'Pahang')",12,"('1mth', 'Sabah')",1
"('2day', 'Melaka')",17,"('1week', 'Perak')",19,"('11mth', 'Perlis')",12,"('1week', 'Selangor')",28,"('1day', 'W.P. Kuala Lumpur')",1,"('1day', 'Terengganu')",1,"('1mth', 'Kedah')",1,"('1mth', 'Kedah')",1,"('2day', 'Sarawak')",6,"('1day', 'Sarawak')",1,"('1day', 'W.P. Kuala Lumpur')",1,"('1day', 'Terengganu')",1,"('1mth', 'Perak')",1,"('2day', 'Perak')",25,"('1mth', 'Perak')",1,"('1mth', 'Selangor')",1
"('2day', 'Selangor')",1,"('1week', 'Sabah')",8,"('11mth', 'Pulau Pinang')",11,"('2day', 'Pahang')",29,"('1day', 'W.P. Labuan')",1,"('1day', 'W.P. Kuala Lumpur')",1,"('1mth', 'Kelantan')",1,"('1mth', 'Negeri Sembilan')",1,"('2day', 'W.P. Kuala Lumpur')",4,"('1day', 'Selangor')",1,"('1day', 'W.P. Labuan')",1,"('1day', 'W.P. Kuala Lumpur')",1,"('1mth', 'Perlis')",1,"('2day', 'W.P. Kuala Lumpur')",1,"('1mth', 'Sabah')",1,"('1week', 'Perak')",19
"('2mth', 'Pulau Pinang')",21,"('1week', 'W.P. Labuan')",7,"('11mth', 'Sabah')",10,"('2mth', 'Sabah')",19,"('1day', 'W.P. Putrajaya')",1,"('1day', 'W.P. Putrajaya')",1,"('1mth', 'Melaka')",1,"('1mth', 'Pahang')",2,"('2mth', 'Sarawak')",25,"('1day', 'Terengganu')",1,"('1day', 'W.P. Putrajaya')",1,"('1day', 'W.P. Labuan')",1,"('1mth', 'Pulau Pinang')",1,"('2week', 'Johor')",1,"('1mth', 'Sarawak')",1,"('1week', 'Sarawak')",3
"('2week', 'Kelantan')",5,"('1week', 'W.P. Putrajaya')",16,"('11mth', 'Sarawak')",9,"('2week', 'Perak')",27,"('1mth', 'Johor')",1,"('1mth', 'Kedah')",1,"('1mth', 'Negeri Sembilan')",1,"('1mth', 'Perak')",13,"('2week', 'Johor')",12,"('1day', 'W.P. Kuala Lumpur')",1,"('1mth', 'Johor')",1,"('1day', 'W.P. Putrajaya')",1,"('1mth', 'Sabah')",1,"('2week', 'Pahang')",1,"('1mth', 'Selangor')",1,"('2day', 'Kelantan')",1
"('2week', 'Negeri Sembilan')",4,"('2day', 'Perak')",25,"('11mth', 'Selangor')",3,"('2week', 'Selangor')",21,"('1mth', 'Kedah')",1,"('1mth', 'Kelantan')",1,"('1mth', 'Pahang')",1,"('1mth', 'Pulau Pinang')",1,"('2week', 'Kelantan')",15,"('1day', 'W.P. Labuan')",1,"('1mth', 'Kedah')",1,"('1mth', 'Kedah')",1,"('1mth', 'Sarawak')",1,"('2week', 'Perak')",13,"('1mth', 'W.P. Labuan')",1,"('2day', 'Negeri Sembilan')",1
"('2week', 'Selangor')",1,"('2week', 'Pahang')",23,"('11mth', 'Terengganu')",2,"('3day', 'Negeri Sembilan')",1,"('1mth', 'Kelantan')",1,"('1mth', 'Melaka')",28,"('1mth', 'Perak')",1,"('1mth', 'Sabah')",1,"('2week', 'Negeri Sembilan')",28,"('1day', 'W.P. Putrajaya')",1,"('1mth', 'Kelantan')",1,"('1mth', 'Kelantan')",1,"('1mth', 'Selangor')",1,"('3day', 'Melaka')",1,"('1week', 'Johor')",1,"('2day', 'Pahang')",4
"('2week', 'W.P. Kuala Lumpur')",14,"('2week', 'Pulau Pinang')",1,"('11mth', 'W.P. Kuala Lumpur')",1,"('3day', 'Terengganu')",5,"('1mth', 'Melaka')",1,"('1mth', 'Negeri Sembilan')",1,"('1mth', 'Sarawak')",1,"('1mth', 'Sarawak')",1,"('2week', 'Pahang')",9,"('1mth', 'Johor')",1,"('1mth', 'Melaka')",1,"('1mth', 'Melaka')",1,"('1mth', 'Terengganu')",4,"('3day', 'Sabah')",1,"('1week', 'Kedah')",23,"('2day', 'W.P. Kuala Lumpur')",1
"('3day', 'Negeri Sembilan')",24,"('2week', 'Sabah')",15,"('11mth', 'W.P. Labuan')",1,"('3day', 'W.P. Kuala Lumpur')",3,"('1mth', 'Negeri Sembilan')",1,"('1mth', 'Pulau Pinang')",1,"('1mth', 'Selangor')",1,"('1mth', 'Terengganu')",1,"('2week', 'Selangor')",1,"('1mth', 'Kedah')",1,"('1mth', 'Negeri Sembilan')",1,"('1mth', 'Negeri Sembilan')",1,"('1mth', 'W.P. Kuala Lumpur')",3,"('3day', 'W.P. Kuala Lumpur')",11,"('1week', 'Melaka')",29,"('2mth', 'Kelantan')",10
"('3day', 'Pahang')",1,"('3day', 'Johor')",13,"('11mth', 'W.P. Putrajaya')",1,"('3week', 'Negeri Sembilan')",1,"('1mth', 'Pahang')",1,"('1mth', 'Selangor')",1,"('1mth', 'Terengganu')",1,"('1mth', 'W.P. Labuan')",1,"('2week', 'W.P. Kuala Lumpur')",21,"('1mth', 'Kelantan')",1,"('1mth', 'Pahang')",1,"('1mth', 'Perak')",1,"('1week', 'Johor')",1,"('3day', 'W.P. Labuan')",6,"('1week', 'Negeri Sembilan')",1,"('2mth', 'Melaka')",12
"('3day', 'Selangor')",1,"('3day', 'Melaka')",3,"('1day', 'Johor')",1,"('3week', 'Pulau Pinang')",22,"('1mth', 'Perak')",1,"('1mth', 'W.P. Putrajaya')",1,"('1mth', 'W.P. Kuala Lumpur')",9,"('1week', 'Kelantan')",1,"('2week', 'W.P. Putrajaya')",30,"('1mth', 'Melaka')",1,"('1mth', 'Perak')",1,"('1mth', 'Perlis')",3,"('1week', 'Kedah')",1,"('3week', 'Johor')",26,"('1week', 'Pahang')",1,"('2mth', 'Negeri Sembilan')",29
"('3day', 'Terengganu')",10,"('3day', 'Negeri Sembilan')",1,"('1day', 'Kedah')",1,"('3week', 'Selangor')",10,"('1mth', 'Perlis')",1,"('1week', 'Pulau Pinang')",11,"('1mth', 'W.P. Labuan')",1,"('1week', 'Melaka')",1,"('3day', 'Negeri Sembilan')",16,"('1mth', 'Negeri Sembilan')",1,"('1mth', 'Perlis')",1,"('1mth', 'Pulau Pinang')",1,"('1week', 'Kelantan')",1,"('3week', 'Kelantan')",30,"('1week', 'Perak')",1,"('2mth', 'Sarawak')",30
"('3week', 'Johor')",27,"('3day', 'W.P. Labuan')",24,"('1day', 'Kelantan')",1,"('3week', 'W.P. Putrajaya')",24,"('1mth', 'Pulau Pinang')",1,"('1week', 'Selangor')",5,"('1mth', 'W.P. Putrajaya')",3,"('1week', 'Negeri Sembilan')",1,"('3week', 'Kelantan')",5,"('1mth', 'Pahang')",1,"('1mth', 'Pulau Pinang')",1,"('1mth', 'Sabah')",1,"('1week', 'Melaka')",1,"('3week', 'Negeri Sembilan')",9,"('1week', 'Perlis')",1,"('2mth', 'W.P. Labuan')",25
"('3week', 'Kedah')",18,"('3mth', 'W.P. Kuala Lumpur')",4,"('1day', 'Melaka')",1,"('4day', 'Johor')",20,"('1mth', 'Sabah')",1,"('1week', 'W.P. Labuan')",15,"('1week', 'Johor')",1,"('1week', 'Pahang')",1,"('3week', 'Pulau Pinang')",2,"('1mth', 'Perak')",1,"('1mth', 'Sabah')",1,"('1mth', 'Sarawak')",1,"('1week', 'Negeri Sembilan')",1,"('3week', 'Pahang')",22,"('1week', 'Pulau Pinang')",7,"('2week', 'Johor')",27
"('4day', 'Kedah')",1,"('3week', 'Melaka')",29,"('1day', 'Negeri Sembilan')",1,"('4day', 'Kelantan')",18,"('1mth', 'Sarawak')",1,"('2day', 'Johor')",1,"('1week', 'Kedah')",1,"('1week', 'Pulau Pinang')",1,"('3week', 'W.P. Kuala Lumpur')",11,"('1mth', 'Perlis')",1,"('1mth', 'Sarawak')",1,"('1mth', 'Selangor')",2,"('1week', 'Pahang')",1,"('3week', 'Selangor')",4,"('1week', 'Sabah')",1,"('2week', 'Kelantan')",1
"('4day', 'Negeri Sembilan')",9,"('3week', 'Negeri Sembilan')",9,"('1day', 'Pahang')",1,"('4week', 'Johor')",13,"('1mth', 'Selangor')",1,"('2day', 'Kedah')",1,"('1week', 'Kelantan')",1,"('1week', 'Sarawak')",1,"('4day', 'Negeri Sembilan')",1,"('1mth', 'Pulau Pinang')",1,"('1mth', 'Selangor')",1,"('1mth', 'Terengganu')",1,"('1week', 'Perak')",1,"('4day', 'Johor')",14,"('1week', 'Sarawak')",1,"('2week', 'Melaka')",15
"('4week', 'Perak')",25,"('4day', 'Kelantan')",1,"('1day', 'Perak')",1,"('4week', 'Pulau Pinang')",11,"('1mth', 'Terengganu')",1,"('2day', 'Melaka')",1,"('1week', 'Melaka')",1,"('1week', 'Selangor')",1,"('4day', 'W.P. Labuan')",22,"('1mth', 'Sabah')",1,"('1mth', 'Terengganu')",1,"('1mth', 'W.P. Kuala Lumpur')",1,"('1week', 'Perlis')",1,"('4week', 'Negeri Sembilan')",27,"('1week', 'Selangor')",1,"('2week', 'Negeri Sembilan')",1
"('4week', 'Sabah')",2,"('4day', 'Sabah')",1,"('1day', 'Perlis')",1,"('5day', 'W.P. Kuala Lumpur')",8,"('1mth', 'W.P. Kuala Lumpur')",1,"('2day', 'Negeri Sembilan')",1,"('1week', 'Negeri Sembilan')",1,"('1week', 'W.P. Labuan')",1,"('4week', 'Kedah')",3,"('1mth', 'Sarawak')",1,"('1mth', 'W.P. Kuala Lumpur')",1,"('1mth', 'W.P. Labuan')",1,"('1week', 'Pulau Pinang')",1,"('4week', 'Pulau Pinang')",15,"('1week', 'W.P. Kuala Lumpur')",1,"('2week', 'Pulau Pinang')",13
"('5day', 'Johor')",13,"('4mth', 'Negeri Sembilan')",22,"('1day', 'Pulau Pinang')",1,"('6day', 'Melaka')",14,"('1mth', 'W.P. Labuan')",1,"('2day', 'Perak')",1,"('1week', 'Pahang')",1,"('1week', 'W.P. Putrajaya')",1,"('4week', 'Melaka')",29,"('1mth', 'Selangor')",1,"('1mth', 'W.P. Labuan')",1,"('1mth', 'W.P. Putrajaya')",1,"('1week', 'Sabah')",1,"('4week', 'Terengganu')",24,"('1week', 'W.P. Labuan')",1,"('2week', 'Selangor')",1
"('5day', 'Kedah')",16,"('4mth', 'W.P. Kuala Lumpur')",12,"('1day', 'Sabah')",1,"('6day', 'Sabah')",7,"('1mth', 'W.P. Putrajaya')",1,"('2day', 'Perlis')",1,"('1week', 'Perak')",1,"('2day', 'Johor')",1,"('5day', 'Pulau Pinang')",1,"('1mth', 'Terengganu')",1,"('1mth', 'W.P. Putrajaya')",1,"('1week', 'Kedah')",8,"('1week', 'Selangor')",1,"('5day', 'Negeri Sembilan')",16,"('1week', 'W.P. Putrajaya')",1,"('2week', 'W.P. Labuan')",1
"('5day', 'Pahang')",15,"('4week', 'Sabah')",6,"('1day', 'Sarawak')",1,"('6day', 'W.P. Kuala Lumpur')",1,"('1week', 'Johor')",1,"('2day', 'Sabah')",1,"('1week', 'Perlis')",1,"('2day', 'Melaka')",1,"('5day', 'Selangor')",1,"('1mth', 'W.P. Kuala Lumpur')",1,"('1week', 'Johor')",1,"('1week', 'Melaka')",1,"('1week', 'Terengganu')",7,"('5day', 'Sabah')",7,"('2day', 'Kedah')",1,"('3day', 'Johor')",1
"('5day', 'Perlis')",29,"('5day', 'Sabah')",1,"('1day', 'Selangor')",1,"('7mth', 'Negeri Sembilan')",17,"('1week', 'Kedah')",1,"('2day', 'Selangor')",1,"('1week', 'Pulau Pinang')",1,"('2day', 'Pulau Pinang')",1,"('5day', 'W.P. Labuan')",13,"('1mth', 'W.P. Labuan')",1,"('1week', 'Kedah')",1,"('1week', 'Negeri Sembilan')",27,"('1week', 'W.P. Kuala Lumpur')",1,"('5day', 'Terengganu')",2,"('2day', 'Melaka')",1,"('3day', 'Negeri Sembilan')",24
"('5day', 'Pulau Pinang')",30,"('5day', 'Sarawak')",1,"('1day', 'Terengganu')",1,"('8mth', 'Selangor')",9,"('1week', 'Kelantan')",1,"('2day', 'Terengganu')",10,"('1week', 'Sarawak')",27,"('2day', 'Sabah')",1,"('6day', 'Melaka')",14,"('1mth', 'W.P. Putrajaya')",1,"('1week', 'Kelantan')",1,"('1week', 'Pahang')",1,"('1week', 'W.P. Labuan')",1,"('6day', 'Johor')",1,"('2day', 'Negeri Sembilan')",1,"('3day', 'Selangor')",1
"('5day', 'Sabah')",7,"('5mth', 'W.P. Kuala Lumpur')",5,"('1day', 'W.P. Kuala Lumpur')",1,"('cases_new', 'Johor')",1,"('1week', 'Melaka')",1,"('2day', 'W.P. Putrajaya')",1,"('1week', 'Selangor')",1,"('2day', 'Sarawak')",1,"('6day', 'Sabah')",7,"('1week', 'Johor')",1,"('1week', 'Melaka')",1,"('1week', 'Perak')",1,"('1week', 'W.P. Putrajaya')",1,"('6mth', 'Negeri Sembilan')",29,"('2day', 'Perak')",1,"('3day', 'W.P. Labuan')",1
"('6day', 'Pahang')",11,"('6day', 'Sabah')",26,"('1day', 'W.P. Labuan')",1,"('cases_new', 'Kedah')",1,"('1week', 'Negeri Sembilan')",1,"('2mth', 'Johor')",1,"('1week', 'Terengganu')",1,"('2day', 'Selangor')",1,"('8mth', 'Negeri Sembilan')",23,"('1week', 'Kedah')",1,"('1week', 'Negeri Sembilan')",1,"('1week', 'Perlis')",25,"('2day', 'Kedah')",22,"('8mth', 'Selangor')",17,"('2day', 'Pulau Pinang')",11,"('3week', 'Melaka')",1
"('6day', 'Sabah')",8,"('6day', 'W.P. Kuala Lumpur')",27,"('1day', 'W.P. Putrajaya')",1,"('cases_new', 'Pahang')",30,"('1week', 'Pahang')",1,"('2mth', 'Kelantan')",30,"('1week', 'W.P. Kuala Lumpur')",1,"('2day', 'Terengganu')",1,"('cases_new', 'Negeri Sembilan')",19,"('1week', 'Kelantan')",1,"('1week', 'Pahang')",1,"('1week', 'Pulau Pinang')",1,"('2day', 'Negeri Sembilan')",1,"('cases_new', 'Johor')",18,"('2day', 'Sarawak')",1,"('3week', 'Pahang')",22
"('8mth', 'Pahang')",23,"('6day', 'W.P. Putrajaya')",18,"('1mth', 'Johor')",1,"('cases_new', 'Pulau Pinang')",23,"('1week', 'Perak')",1,"('2mth', 'Melaka')",20,"('1week', 'W.P. Labuan')",1,"('2day', 'W.P. Kuala Lumpur')",1,"('cases_new', 'Pulau Pinang')",18,"('1week', 'Melaka')",1,"('1week', 'Perak')",1,"('1week', 'Sarawak')",1,"('2day', 'Pahang')",1,"('cases_new', 'Melaka')",10,"('2day', 'Selangor')",1,"('3week', 'Sabah')",1
"('cases_new', 'Kelantan')",1,"('6mth', 'W.P. Kuala Lumpur')",20,"('1mth', 'Kedah')",1,"('cases_new', 'W.P. Kuala Lumpur')",1,"('1week', 'Perlis')",1,"('2mth', 'Negeri Sembilan')",1,"('1week', 'W.P. Putrajaya')",1,"('2day', 'W.P. Labuan')",1,,,"('1week', 'Negeri Sembilan')",1,"('1week', 'Perlis')",1,"('1week', 'Selangor')",1,"('2day', 'Perak')",1,"('cases_new', 'Negeri Sembilan')",3,"('2day', 'Terengganu')",1,"('3week', 'Selangor')",6
"('cases_new', 'Melaka')",1,"('cases_new', 'Johor')",1,"('1mth', 'Kelantan')",1,,,"('1week', 'Pulau Pinang')",1,"('2mth', 'Pulau Pinang')",1,"('2day', 'Johor')",1,"('2day', 'W.P. Putrajaya')",1,,,"('1week', 'Pahang')",1,"('1week', 'Pulau Pinang')",1,"('1week', 'Terengganu')",1,"('2day', 'Sabah')",30,,,"('2day', 'W.P. Kuala Lumpur')",1,"('3week', 'Terengganu')",28
"('cases_new', 'Perak')",12,"('cases_new', 'Kedah')",1,"('1mth', 'Melaka')",1,,,"('1week', 'Sabah')",1,"('2mth', 'Selangor')",1,"('2day', 'Melaka')",1,"('2mth', 'Kedah')",11,,,"('1week', 'Perak')",1,"('1week', 'Sabah')",1,"('1week', 'W.P. Kuala Lumpur')",1,"('2day', 'Sarawak')",1,,,"('2day', 'W.P. Labuan')",14,"('3week', 'W.P. Labuan')",2
,,"('cases_new', 'Pahang')",1,"('1mth', 'Negeri Sembilan')",1,,,"('1week', 'Sarawak')",1,"('2mth', 'W.P. Kuala Lumpur')",19,"('2day', 'Negeri Sembilan')",1,"('2mth', 'Kelantan')",1,,,"('1week', 'Perlis')",1,"('1week', 'Sarawak')",1,"('1week', 'W.P. Putrajaya')",4,"('2day', 'Selangor')",1,,,"('2mth', 'Johor')",1,"('4day', 'Kelantan')",1
,,,,"('1mth', 'Pahang')",1,,,"('1week', 'Selangor')",1,"('2mth', 'W.P. Labuan')",1,"('2day', 'Perak')",1,"('2mth', 'Negeri Sembilan')",1,,,"('1week', 'Pulau Pinang')",1,"('1week', 'Selangor')",1,"('1year', 'W.P. Kuala Lumpur')",16,"('2day', 'Terengganu')",1,,,"('2mth', 'Negeri Sembilan')",1,"('4day', 'Perlis')",1
,,,,"('1mth', 'Perak')",1,,,"('1week', 'Terengganu')",1,"('2week', 'Melaka')",22,"('2day', 'Perlis')",1,"('2mth', 'W.P. Kuala Lumpur')",22,,,"('1week', 'Sabah')",1,"('1week', 'Terengganu')",1,"('2day', 'Johor')",1,"('2day', 'W.P. Kuala Lumpur')",1,,,"('2mth', 'W.P. Labuan')",1,"('4day', 'Pulau Pinang')",1
,,,,"('1mth', 'Perlis')",1,,,"('1week', 'W.P. Kuala Lumpur')",1,"('2week', 'Negeri Sembilan')",12,"('2day', 'Sabah')",1,"('2mth', 'W.P. Labuan')",1,,,"('1week', 'Sarawak')",1,"('1week', 'W.P. Kuala Lumpur')",1,"('2day', 'Kedah')",1,"('2day', 'W.P. Labuan')",1,,,"('2week', 'Johor')",1,"('4day', 'Selangor')",1
,,,,"('1mth', 'Pulau Pinang')",1,,,"('1week', 'W.P. Labuan')",28,"('2week', 'Perak')",1,"('2day', 'Sarawak')",25,"('2week', 'Johor')",1,,,"('1week', 'Selangor')",1,"('1week', 'W.P. Labuan')",1,"('2day', 'Melaka')",1,"('2day', 'W.P. Putrajaya')",1,,,"('2week', 'Pahang')",1,"('4day', 'W.P. Putrajaya')",18
,,,,"('1mth', 'Sabah')",1,,,"('1week', 'W.P. Putrajaya')",1,"('2week', 'Pulau Pinang')",1,"('2day', 'Selangor')",1,"('2week', 'Kelantan')",1,,,"('1week', 'Terengganu')",1,"('1week', 'W.P. Putrajaya')",1,"('2day', 'Negeri Sembilan')",1,"('2mth', 'Kedah')",1,,,"('2week', 'Perak')",1,"('4week', 'Kedah')",11
,,,,"('1mth', 'Sarawak')",1,,,"('1year', 'Kedah')",1,"('3day', 'Johor')",1,"('2day', 'Terengganu')",22,"('2week', 'Melaka')",1,,,"('1week', 'W.P. Kuala Lumpur')",1,"('1year', 'Johor')",27,"('2day', 'Pahang')",1,"('2mth', 'Melaka')",1,,,"('2week', 'Sabah')",1,"('4week', 'Pulau Pinang')",1
,,,,"('1mth', 'Selangor')",1,,,"('1year', 'Negeri Sembilan')",10,"('3day', 'Kedah')",1,"('2day', 'W.P. Kuala Lumpur')",1,"('2week', 'Negeri Sembilan')",1,,,"('1week', 'W.P. Labuan')",1,"('1year', 'Kedah')",1,"('2day', 'Perlis')",6,"('2mth', 'Negeri Sembilan')",1,,,"('2week', 'Selangor')",1,"('5day', 'Negeri Sembilan')",1
,,,,"('1mth', 'Terengganu')",1,,,"('1year', 'Pahang')",3,"('3day', 'Negeri Sembilan')",1,"('2day', 'W.P. Labuan')",1,"('2week', 'Perak')",1,,,"('1week', 'W.P. Putrajaya')",1,"('1year', 'Kelantan')",1,"('2day', 'Pulau Pinang')",26,"('2mth', 'Pahang')",1,,,"('2week', 'W.P. Kuala Lumpur')",1,"('5day', 'Sabah')",1
,,,,"('1mth', 'W.P. Kuala Lumpur')",1,,,"('1year', 'Perak')",24,"('3day', 'Perak')",1,"('2mth', 'Kedah')",1,"('2week', 'Sarawak')",21,,,"('1year', 'Johor')",1,"('1year', 'Negeri Sembilan')",5,"('2day', 'Sabah')",1,"('2mth', 'Perlis')",1,,,"('2week', 'W.P. Labuan')",1,"('5day', 'Terengganu')",1
,,,,"('1mth', 'W.P. Labuan')",1,,,"('1year', 'W.P. Kuala Lumpur')",1,"('3day', 'Perlis')",1,"('2mth', 'Melaka')",1,"('2week', 'Selangor')",1,,,"('1year', 'Kedah')",1,"('1year', 'Perak')",25,"('2day', 'Sarawak')",1,"('2mth', 'Sarawak')",1,,,"('3day', 'Kelantan')",1,"('5day', 'W.P. Kuala Lumpur')",7
,,,,"('1mth', 'W.P. Putrajaya')",1,,,"('1year', 'W.P. Labuan')",13,"('3day', 'Sarawak')",1,"('2mth', 'Perlis')",1,"('2week', 'Terengganu')",1,,,"('1year', 'Kelantan')",23,"('1year', 'Perlis')",1,"('2day', 'Selangor')",28,"('2mth', 'Terengganu')",1,,,"('3day', 'Melaka')",1,"('5day', 'W.P. Labuan')",1
,,,,"('1week', 'Johor')",1,,,"('1year1Mth', 'Johor')",1,"('3day', 'W.P. Kuala Lumpur')",1,"('2mth', 'Sabah')",13,"('2week', 'W.P. Kuala Lumpur')",1,,,"('1year', 'Melaka')",1,"('1year', 'Pulau Pinang')",1,"('2day', 'Terengganu')",21,"('2mth', 'W.P. Putrajaya')",1,,,"('3day', 'Negeri Sembilan')",1,"('5mth', 'Sarawak')",1
,,,,"('1week', 'Kedah')",1,,,"('1year1Mth', 'Kelantan')",15,"('3mth', 'Kedah')",1,"('2mth', 'Sarawak')",1,"('2week', 'W.P. Putrajaya')",1,,,"('1year', 'Pahang')",1,"('1year', 'Sabah')",1,"('2day', 'W.P. Labuan')",1,"('2week', 'Johor')",1,,,"('3day', 'Perak')",1,"('6day', 'Johor')",1
,,,,"('1week', 'Kelantan')",1,,,"('1year1Mth', 'Perak')",16,"('3mth', 'W.P. Kuala Lumpur')",1,"('2mth', 'W.P. Kuala Lumpur')",1,"('3day', 'Kedah')",1,,,"('1year', 'Perak')",1,"('1year', 'Sarawak')",1,"('2day', 'W.P. Putrajaya')",30,"('2week', 'Kedah')",1,,,"('3day', 'Sabah')",1,"('6day', 'Sarawak')",1
,,,,"('1week', 'Melaka')",1,,,"('1year1Mth', 'Sarawak')",22,"('3week', 'Melaka')",6,"('2mth', 'W.P. Labuan')",1,"('3day', 'Sabah')",1,,,"('1year', 'Perlis')",1,"('1year', 'Terengganu')",1,"('2mth', 'Johor')",1,"('2week', 'Kelantan')",1,,,"('3day', 'Sarawak')",1,"('6day', 'Terengganu')",17
,,,,"('1week', 'Negeri Sembilan')",1,,,"('1year1Mth', 'Selangor')",1,"('3week', 'Negeri Sembilan')",1,"('2mth', 'W.P. Putrajaya')",18,"('3day', 'Terengganu')",1,,,"('1year', 'Sabah')",1,"('1year', 'W.P. Kuala Lumpur')",1,"('2mth', 'Kedah')",1,"('2week', 'Negeri Sembilan')",1,,,"('3day', 'Selangor')",1,"('6mth', 'Kedah')",20
,,,,"('1week', 'Pahang')",1,,,"('1year2Mth', 'Perlis')",1,"('3week', 'Pahang')",1,"('2week', 'Johor')",1,"('3mth', 'Kelantan')",1,,,"('1year', 'Sarawak')",1,"('1year1Mth', 'Kedah')",14,"('2mth', 'Kelantan')",1,"('2week', 'Pahang')",1,,,"('3day', 'W.P. Labuan')",1,"('6mth', 'Sabah')",1
,,,,"('1week', 'Perak')",1,,,"('1year2Mth', 'W.P. Putrajaya')",17,"('3week', 'Perak')",2,"('2week', 'Kedah')",1,"('3mth', 'Negeri Sembilan')",1,,,"('1year', 'Selangor')",1,"('1year1Mth', 'Kelantan')",26,"('2mth', 'Melaka')",1,"('2week', 'Perak')",1,,,"('3day', 'W.P. Putrajaya')",1,"('6mth', 'Sarawak')",1
,,,,"('1week', 'Perlis')",1,,,"('1year3Mth', 'Kelantan')",1,"('3week', 'Perlis')",3,"('2week', 'Kelantan')",1,"('3mth', 'Perlis')",1,,,"('1year', 'Terengganu')",1,"('1year1Mth', 'Negeri Sembilan')",1,"('2mth', 'Perlis')",12,"('2week', 'Pulau Pinang')",1,,,"('3mth', 'Johor')",25,"('8mth', 'W.P. Kuala Lumpur')",23
,,,,"('1week', 'Pulau Pinang')",1,,,"('1year3Mth', 'Sabah')",19,"('3week', 'Pulau Pinang')",1,"('2week', 'Melaka')",1,"('3mth', 'W.P. Kuala Lumpur')",14,,,"('1year', 'W.P. Kuala Lumpur')",1,"('1year1Mth', 'Perlis')",29,"('2mth', 'Pulau Pinang')",1,"('2week', 'Sabah')",1,,,"('3mth', 'Kedah')",15,"('cases_new', 'Johor')",1
,,,,"('1week', 'Sabah')",1,,,"('1year3Mth', 'W.P. Putrajaya')",4,"('3week', 'Sabah')",1,"('2week', 'Negeri Sembilan')",1,"('3mth', 'W.P. Labuan')",26,,,"('1year', 'W.P. Labuan')",9,"('1year1Mth', 'Pulau Pinang')",1,"('2mth', 'Sabah')",1,"('2week', 'Selangor')",1,,,"('3mth', 'Melaka')",1,"('cases_new', 'Kedah')",1
,,,,"('1week', 'Sarawak')",1,,,"('1year4Mth', 'Melaka')",23,"('3week', 'Sarawak')",1,"('2week', 'Pahang')",1,"('3mth', 'W.P. Putrajaya')",10,,,"('1year', 'W.P. Putrajaya')",1,"('1year1Mth', 'Sabah')",1,"('2mth', 'Selangor')",1,"('2week', 'Terengganu')",1,,,"('3mth', 'Pahang')",1,"('cases_new', 'Negeri Sembilan')",5
,,,,"('1week', 'Selangor')",1,,,"('1year4Mth', 'Sabah')",29,"('3week', 'Selangor')",1,"('2week', 'Perak')",1,"('3week', 'Johor')",1,,,"('1year1Mth', 'Johor')",7,"('1year1Mth', 'Terengganu')",19,"('2mth', 'W.P. Kuala Lumpur')",1,"('2week', 'W.P. Kuala Lumpur')",1,,,"('3mth', 'Pulau Pinang')",1,"('cases_new', 'Perak')",1
,,,,"('1week', 'Terengganu')",1,,,"('1year5Mth', 'Johor')",11,"('3week', 'Terengganu')",1,"('2week', 'Perlis')",1,"('3week', 'Kelantan')",1,,,"('1year1Mth', 'Kelantan')",1,"('1year2Mth', 'Kelantan')",20,"('2mth', 'W.P. Labuan')",1,"('2week', 'W.P. Labuan')",1,,,"('3mth', 'Sabah')",22,"('cases_new', 'Selangor')",16
,,,,"('1week', 'W.P. Kuala Lumpur')",1,,,"('1year5Mth', 'Perak')",27,"('3week', 'W.P. Putrajaya')",1,"('2week', 'Pulau Pinang')",1,"('3week', 'Melaka')",1,,,"('1year1Mth', 'Melaka')",3,"('1year2Mth', 'Pahang')",1,"('2mth', 'W.P. Putrajaya')",1,"('2week', 'W.P. Putrajaya')",1,,,"('3mth', 'Sarawak')",1,,
,,,,"('1week', 'W.P. Labuan')",1,,,"('1year5Mth', 'Sarawak')",1,"('4day', 'Kedah')",1,"('2week', 'Sabah')",1,"('3week', 'Negeri Sembilan')",1,,,"('1year1Mth', 'Negeri Sembilan')",29,"('1year2Mth', 'Perak')",1,"('2week', 'Johor')",1,"('3day', 'Johor')",1,,,"('3mth', 'Selangor')",18,,
,,,,"('1week', 'W.P. Putrajaya')",1,,,"('1year7Mth', 'W.P. Kuala Lumpur')",1,"('4day', 'Negeri Sembilan')",4,"('2week', 'Selangor')",1,"('3week', 'Pulau Pinang')",1,,,"('1year1Mth', 'Perlis')",1,"('1year2Mth', 'Perlis')",10,"('2week', 'Kelantan')",1,"('3day', 'Kelantan')",1,,,"('3mth', 'W.P. Kuala Lumpur')",1,,
,,,,"('1year', 'Johor')",1,,,"('2day', 'Johor')",1,"('4day', 'Pahang')",1,"('2week', 'Terengganu')",1,"('3week', 'Sabah')",1,,,"('1year1Mth', 'Sabah')",22,"('1year2Mth', 'Selangor')",13,"('2week', 'Melaka')",1,"('3day', 'Negeri Sembilan')",1,,,"('3mth', 'W.P. Labuan')",8,,
,,,,"('1year', 'Kedah')",1,,,"('2day', 'Kedah')",1,"('4day', 'Sabah')",1,"('2week', 'W.P. Kuala Lumpur')",1,"('3week', 'Selangor')",1,,,"('1year1Mth', 'Terengganu')",1,"('1year2Mth', 'Terengganu')",1,"('2week', 'Negeri Sembilan')",1,"('3day', 'Pahang')",1,,,"('3mth', 'W.P. Putrajaya')",4,,
,,,,"('1year', 'Kelantan')",1,,,"('2day', 'Kelantan')",1,"('4day', 'Sarawak')",1,"('2week', 'W.P. Labuan')",24,"('3week', 'Terengganu')",1,,,"('1year2Mth', 'Johor')",17,"('1year3Mth', 'Kelantan')",16,"('2week', 'Pahang')",1,"('3day', 'Perak')",24,,,"('3week', 'Kelantan')",1,,
,,,,"('1year', 'Melaka')",1,,,"('2day', 'Melaka')",1,"('4day', 'Selangor')",1,"('2week', 'W.P. Putrajaya')",1,"('3week', 'W.P. Labuan')",1,,,"('1year2Mth', 'Perlis')",2,"('1year3Mth', 'Pahang')",1,"('2week', 'Perak')",1,"('3day', 'Perlis')",10,,,"('3week', 'Pahang')",1,,
,,,,"('1year', 'Negeri Sembilan')",1,,,"('2day', 'Negeri Sembilan')",1,"('4day', 'Terengganu')",1,"('3day', 'Johor')",1,"('4day', 'Kedah')",1,,,"('1year2Mth', 'Sabah')",20,"('1year4Mth', 'Melaka')",4,"('2week', 'Pulau Pinang')",1,"('3day', 'Selangor')",1,,,"('3week', 'Perak')",1,,
,,,,"('1year', 'Pahang')",1,,,"('2day', 'Pahang')",1,"('4day', 'W.P. Labuan')",25,"('3day', 'Kelantan')",1,"('4day', 'Perlis')",1,,,"('1year2Mth', 'Sarawak')",1,"('1year4Mth', 'Perak')",1,"('2week', 'Sabah')",1,"('3day', 'Terengganu')",1,,,"('3week', 'Perlis')",1,,
,,,,"('1year', 'Perak')",1,,,"('2day', 'Perak')",1,"('4day', 'W.P. Putrajaya')",1,"('3day', 'Melaka')",1,"('4day', 'Pulau Pinang')",1,,,"('1year2Mth', 'Terengganu')",8,"('1year5Mth', 'Pahang')",3,"('2week', 'Selangor')",1,"('3day', 'W.P. Kuala Lumpur')",1,,,"('3week', 'Pulau Pinang')",1,,
,,,,"('1year', 'Perlis')",1,,,"('2day', 'Perlis')",1,"('4mth', 'Kedah')",1,"('3day', 'Negeri Sembilan')",1,"('4day', 'Sarawak')",1,,,"('1year2Mth', 'W.P. Labuan')",30,"('1year5Mth', 'W.P. Kuala Lumpur')",1,"('2week', 'Terengganu')",1,"('3day', 'W.P. Labuan')",1,,,"('3week', 'Sabah')",1,,
,,,,"('1year', 'Pulau Pinang')",1,,,"('2day', 'Pulau Pinang')",1,"('4mth', 'Selangor')",16,"('3day', 'Pahang')",1,"('4day', 'W.P. Labuan')",1,,,"('1year3Mth', 'Kedah')",14,"('1year6Mth', 'Melaka')",30,"('2week', 'W.P. Kuala Lumpur')",1,"('3day', 'W.P. Putrajaya')",1,,,"('3week', 'Selangor')",1,,
,,,,"('1year', 'Sabah')",1,,,"('2day', 'Sabah')",2,"('4mth', 'W.P. Kuala Lumpur')",8,"('3day', 'Perak')",1,"('4mth', 'Negeri Sembilan')",1,,,"('1year3Mth', 'Kelantan')",1,"('1year6Mth', 'Pahang')",1,"('2week', 'W.P. Labuan')",1,"('3mth', 'Johor')",1,,,"('3week', 'W.P. Kuala Lumpur')",1,,
,,,,"('1year', 'Sarawak')",1,,,"('2day', 'Sarawak')",7,"('4week', 'Melaka')",1,"('3day', 'Perlis')",1,"('4mth', 'Perak')",12,,,"('1year3Mth', 'Perlis')",26,"('1year7Mth', 'Kelantan')",1,"('2week', 'W.P. Putrajaya')",1,"('3mth', 'Kelantan')",1,,,"('3week', 'W.P. Labuan')",1,,
,,,,"('1year', 'Selangor')",1,,,"('2day', 'Selangor')",1,"('4week', 'Pahang')",1,"('3day', 'Pulau Pinang')",1,"('4mth', 'Sarawak')",9,,,"('1year3Mth', 'Selangor')",1,"('1year7Mth', 'Perak')",1,"('3day', 'Johor')",23,"('3mth', 'Perak')",1,,,"('4day', 'Johor')",6,,
,,,,"('1year', 'Terengganu')",1,,,"('2day', 'W.P. Kuala Lumpur')",1,"('4week', 'Pulau Pinang')",1,"('3day', 'Selangor')",1,"('4mth', 'W.P. Kuala Lumpur')",1,,,"('1year3Mth', 'W.P. Labuan')",1,"('1year7Mth', 'Selangor')",8,"('3day', 'Kedah')",1,"('3mth', 'Selangor')",1,,,"('4day', 'Pahang')",1,,
,,,,"('1year', 'W.P. Kuala Lumpur')",1,,,"('2day', 'W.P. Labuan')",1,"('4week', 'Sarawak')",1,"('3day', 'Terengganu')",1,"('4week', 'Johor')",1,,,"('1year4Mth', 'W.P. Labuan')",1,"('1year7Mth', 'Terengganu')",1,"('3day', 'Kelantan')",1,"('3mth', 'W.P. Kuala Lumpur')",1,,,"('4day', 'Perak')",10,,
,,,,"('1year', 'W.P. Labuan')",1,,,"('2day', 'W.P. Putrajaya')",1,"('4week', 'Terengganu')",1,"('3day', 'W.P. Kuala Lumpur')",7,"('4week', 'Kedah')",1,,,"('1year5Mth', 'Perlis')",1,"('2day', 'Johor')",1,"('3day', 'Melaka')",1,"('3mth', 'W.P. Putrajaya')",1,,,"('4day', 'Pulau Pinang')",1,,
,,,,"('1year1Mth', 'Johor')",7,,,"('2mth', 'Kedah')",1,"('4week', 'W.P. Labuan')",29,"('3day', 'W.P. Putrajaya')",1,"('4week', 'Kelantan')",1,,,"('1year5Mth', 'W.P. Labuan')",15,"('2day', 'Kedah')",1,"('3day', 'Negeri Sembilan')",1,"('3week', 'Johor')",1,,,"('4day', 'Sarawak')",1,,
,,,,"('1year1Mth', 'Kedah')",1,,,"('2mth', 'Kelantan')",1,"('5day', 'Johor')",14,"('3mth', 'Kedah')",1,"('4week', 'Negeri Sembilan')",1,,,"('1year6Mth', 'Johor')",24,"('2day', 'Kelantan')",1,"('3day', 'Perak')",1,"('3week', 'Kedah')",1,,,"('4day', 'Terengganu')",1,,
,,,,"('1year1Mth', 'Kelantan')",1,,,"('2mth', 'Melaka')",1,"('5day', 'Kedah')",1,"('3mth', 'Pulau Pinang')",1,"('4week', 'Pulau Pinang')",1,,,"('1year6Mth', 'Melaka')",1,"('2day', 'Melaka')",1,"('3day', 'Perlis')",24,"('3week', 'Kelantan')",1,,,"('4day', 'W.P. Kuala Lumpur')",1,,
,,,,"('1year1Mth', 'Melaka')",1,,,"('2mth', 'Negeri Sembilan')",1,"('5day', 'Kelantan')",1,"('3mth', 'Sarawak')",10,"('4week', 'Sabah')",29,,,"('1year6Mth', 'Negeri Sembilan')",1,"('2day', 'Negeri Sembilan')",1,"('3day', 'Pulau Pinang')",1,"('3week', 'Negeri Sembilan')",1,,,"('4day', 'W.P. Labuan')",1,,
,,,,"('1year1Mth', 'Negeri Sembilan')",1,,,"('2mth', 'Pulau Pinang')",1,"('5day', 'Melaka')",24,"('3mth', 'W.P. Labuan')",1,"('4week', 'Selangor')",1,,,"('1year6Mth', 'Perak')",1,"('2day', 'Pahang')",1,"('3day', 'Sabah')",1,"('3week', 'Perlis')",1,,,"('4mth', 'Melaka')",1,,
,,,,"('1year1Mth', 'Pahang')",1,,,"('2mth', 'Sabah')",1,"('5day', 'Negeri Sembilan')",1,"('3week', 'Johor')",1,"('4week', 'W.P. Kuala Lumpur')",1,,,"('1year7Mth', 'Kedah')",1,"('2day', 'Perak')",1,"('3day', 'Sarawak')",1,"('3week', 'Sabah')",1,,,"('4mth', 'Negeri Sembilan')",20,,
,,,,"('1year1Mth', 'Perak')",1,,,"('2mth', 'Sarawak')",1,"('5day', 'Pahang')",1,"('3week', 'Kelantan')",1,"('4week', 'W.P. Labuan')",1,,,"('1year7Mth', 'Pahang')",1,"('2day', 'Perlis')",1,"('3day', 'Selangor')",18,"('3week', 'Selangor')",1,,,"('4mth', 'Sarawak')",1,,
,,,,"('1year1Mth', 'Perlis')",1,,,"('2mth', 'Selangor')",1,"('5day', 'Pulau Pinang')",1,"('3week', 'Negeri Sembilan')",1,"('4week', 'W.P. Putrajaya')",1,,,"('1year7Mth', 'Perlis')",18,"('2day', 'Pulau Pinang')",1,"('3day', 'Terengganu')",1,"('3week', 'Terengganu')",1,,,"('4mth', 'W.P. Kuala Lumpur')",1,,
,,,,"('1year1Mth', 'Pulau Pinang')",1,,,"('2mth', 'Terengganu')",1,"('5day', 'Sarawak')",18,"('3week', 'Pahang')",1,"('5day', 'Kedah')",1,,,"('1year7Mth', 'Selangor')",1,"('2day', 'Sabah')",1,"('3day', 'W.P. Kuala Lumpur')",1,"('3week', 'W.P. Kuala Lumpur')",1,,,"('4mth', 'W.P. Putrajaya')",1,,
,,,,"('1year1Mth', 'Sabah')",1,,,"('2mth', 'W.P. Kuala Lumpur')",1,"('5day', 'Selangor')",1,"('3week', 'Perak')",1,"('5day', 'Kelantan')",1,,,"('2day', 'Johor')",1,"('2day', 'Sarawak')",1,"('3day', 'W.P. Labuan')",1,"('3week', 'W.P. Labuan')",1,,,"('4week', 'Kedah')",1,,
,,,,"('1year1Mth', 'Sarawak')",1,,,"('2mth', 'W.P. Labuan')",1,"('5day', 'Terengganu')",1,"('3week', 'Perlis')",1,"('5day', 'Melaka')",20,,,"('2day', 'Kedah')",1,"('2day', 'Selangor')",1,"('3day', 'W.P. Putrajaya')",1,"('3week', 'W.P. Putrajaya')",1,,,"('4week', 'Melaka')",1,,
,,,,"('1year1Mth', 'Selangor')",1,,,"('2mth', 'W.P. Putrajaya')",9,"('5day', 'W.P. Kuala Lumpur')",1,"('3week', 'Pulau Pinang')",1,"('5day', 'Negeri Sembilan')",1,,,"('2day', 'Kelantan')",1,"('2day', 'Terengganu')",1,"('3mth', 'Kedah')",1,"('4day', 'Johor')",1,,,"('4week', 'Pulau Pinang')",1,,
,,,,"('1year1Mth', 'Terengganu')",5,,,"('2week', 'Johor')",1,"('5day', 'W.P. Labuan')",1,"('3week', 'Sarawak')",1,"('5day', 'Pahang')",1,,,"('2day', 'Melaka')",1,"('2day', 'W.P. Kuala Lumpur')",1,"('3mth', 'Melaka')",7,"('4day', 'Pahang')",1,,,"('4week', 'Sabah')",1,,
,,,,"('1year1Mth', 'W.P. Kuala Lumpur')",1,,,"('2week', 'Kedah')",1,"('5day', 'W.P. Putrajaya')",1,"('3week', 'Terengganu')",1,"('5day', 'Perlis')",1,,,"('2day', 'Negeri Sembilan')",1,"('2day', 'W.P. Labuan')",1,"('3mth', 'Negeri Sembilan')",1,"('4day', 'Pulau Pinang')",19,,,"('4week', 'Selangor')",1,,
,,,,"('1year1Mth', 'W.P. Labuan')",1,,,"('2week', 'Kelantan')",1,"('6day', 'Kedah')",21,"('3week', 'W.P. Labuan')",1,"('5day', 'Pulau Pinang')",24,,,"('2day', 'Perak')",1,"('2day', 'W.P. Putrajaya')",1,"('3mth', 'Pulau Pinang')",1,"('4day', 'Sabah')",1,,,"('4week', 'W.P. Putrajaya')",1,,
,,,,"('1year1Mth', 'W.P. Putrajaya')",1,,,"('2week', 'Melaka')",1,"('6day', 'Kelantan')",1,"('3week', 'W.P. Putrajaya')",1,"('5day', 'Sabah')",1,,,"('2day', 'Perlis')",1,"('2mth', 'Johor')",1,"('3mth', 'Sabah')",1,"('4day', 'Sarawak')",1,,,"('5day', 'Johor')",1,,
,,,,"('1year2Mth', 'Johor')",1,,,"('2week', 'Negeri Sembilan')",1,"('6day', 'Negeri Sembilan')",17,"('4day', 'Kelantan')",1,"('5day', 'Sarawak')",1,,,"('2day', 'Pulau Pinang')",1,"('2mth', 'Kedah')",1,"('3mth', 'Sarawak')",13,"('4day', 'W.P. Kuala Lumpur')",1,,,"('5day', 'Kedah')",1,,
,,,,"('1year2Mth', 'Kedah')",1,,,"('2week', 'Pahang')",1,"('6day', 'Perlis')",1,"('4day', 'Melaka')",1,"('5day', 'Selangor')",1,,,"('2day', 'Sabah')",1,"('2mth', 'Melaka')",9,"('3mth', 'Selangor')",1,"('4day', 'W.P. Labuan')",23,,,"('5day', 'Melaka')",1,,
,,,,"('1year2Mth', 'Kelantan')",1,,,"('2week', 'Perak')",1,"('6day', 'Selangor')",1,"('4day', 'Negeri Sembilan')",1,"('5day', 'Terengganu')",1,,,"('2day', 'Sarawak')",1,"('2mth', 'Negeri Sembilan')",1,"('3mth', 'W.P. Kuala Lumpur')",1,"('4mth', 'Kelantan')",1,,,"('5day', 'Negeri Sembilan')",1,,
,,,,"('1year2Mth', 'Melaka')",1,,,"('2week', 'Perlis')",25,"('6day', 'Terengganu')",1,"('4day', 'Pahang')",1,"('5day', 'W.P. Kuala Lumpur')",17,,,"('2day', 'Selangor')",1,"('2mth', 'Pahang')",1,"('3mth', 'W.P. Putrajaya')",9,"('4mth', 'Negeri Sembilan')",1,,,"('5day', 'Pahang')",1,,
,,,,"('1year2Mth', 'Negeri Sembilan')",1,,,"('2week', 'Pulau Pinang')",1,"('6day', 'W.P. Labuan')",1,"('4day', 'Sabah')",1,"('5day', 'W.P. Labuan')",1,,,"('2day', 'Terengganu')",1,"('2mth', 'Perlis')",1,"('3week', 'Johor')",1,"('4mth', 'Pahang')",1,,,"('5day', 'Perak')",1,,
,,,,"('1year2Mth', 'Pahang')",1,,,"('2week', 'Sabah')",1,"('6mth', 'Sabah')",1,"('4day', 'Sarawak')",1,"('5day', 'W.P. Putrajaya')",1,,,"('2day', 'W.P. Kuala Lumpur')",1,"('2mth', 'Pulau Pinang')",1,"('3week', 'Kelantan')",1,"('4mth', 'Sabah')",1,,,"('5day', 'Perlis')",1,,
,,,,"('1year2Mth', 'Perak')",1,,,"('2week', 'Sarawak')",1,"('6mth', 'W.P. Kuala Lumpur')",1,"('4day', 'Selangor')",1,"('5mth', 'Johor')",1,,,"('2day', 'W.P. Labuan')",1,"('2mth', 'Sabah')",1,"('3week', 'Melaka')",15,"('4mth', 'Sarawak')",1,,,"('5day', 'Pulau Pinang')",1,,
,,,,"('1year2Mth', 'Perlis')",20,,,"('2week', 'Selangor')",1,"('7mth', 'Selangor')",23,"('4day', 'W.P. Kuala Lumpur')",1,"('5mth', 'Pahang')",30,,,"('2day', 'W.P. Putrajaya')",1,"('2mth', 'Sarawak')",1,"('3week', 'Negeri Sembilan')",1,"('4mth', 'Selangor')",1,,,"('5day', 'Sabah')",1,,
,,,,"('1year2Mth', 'Pulau Pinang')",1,,,"('2week', 'Terengganu')",1,"('7mth', 'W.P. Kuala Lumpur')",1,"('4day', 'W.P. Labuan')",1,"('5mth', 'Perak')",7,,,"('2mth', 'Johor')",1,"('2mth', 'Selangor')",1,"('3week', 'Perak')",1,"('4mth', 'W.P. Kuala Lumpur')",1,,,"('5day', 'Sarawak')",1,,
,,,,"('1year2Mth', 'Sabah')",21,,,"('2week', 'W.P. Kuala Lumpur')",1,"('8mth', 'Melaka')",1,"('4mth', 'Sabah')",21,"('5mth', 'Selangor')",1,,,"('2mth', 'Kedah')",1,"('2mth', 'Terengganu')",1,"('3week', 'Pulau Pinang')",1,"('4week', 'Kedah')",1,,,"('5day', 'Selangor')",16,,
,,,,"('1year2Mth', 'Sarawak')",1,,,"('2week', 'W.P. Labuan')",1,"('8mth', 'Negeri Sembilan')",1,"('4mth', 'Terengganu')",8,"('6day', 'Melaka')",1,,,"('2mth', 'Kelantan')",1,"('2mth', 'W.P. Kuala Lumpur')",1,"('3week', 'Sabah')",1,"('4week', 'Melaka')",14,,,"('5day', 'Terengganu')",1,,
,,,,"('1year2Mth', 'Selangor')",1,,,"('2week', 'W.P. Putrajaya')",1,"('8mth', 'Pahang')",1,"('4mth', 'W.P. Putrajaya')",1,"('6day', 'Negeri Sembilan')",1,,,"('2mth', 'Negeri Sembilan')",1,"('2mth', 'W.P. Labuan')",1,"('3week', 'Selangor')",1,"('4week', 'Negeri Sembilan')",1,,,"('5mth', 'Johor')",21,,
,,,,"('1year2Mth', 'W.P. Kuala Lumpur')",1,,,"('3day', 'Johor')",1,"('8mth', 'W.P. Kuala Lumpur')",1,"('4week', 'Johor')",1,"('6day', 'Perak')",1,,,"('2mth', 'Pahang')",1,"('2mth', 'W.P. Putrajaya')",1,"('3week', 'Terengganu')",1,"('4week', 'Pahang')",1,,,"('5mth', 'Kedah')",3,,
,,,,"('1year2Mth', 'W.P. Labuan')",1,,,"('3day', 'Kedah')",1,"('8mth', 'W.P. Putrajaya')",27,"('4week', 'Kedah')",1,"('6day', 'Perlis')",23,,,"('2mth', 'Perak')",1,"('2week', 'Johor')",1,"('3week', 'W.P. Putrajaya')",1,"('4week', 'Pulau Pinang')",1,,,"('5mth', 'Kelantan')",1,,
,,,,"('1year3Mth', 'Johor')",1,,,"('3day', 'Kelantan')",1,"('9mth', 'Johor')",1,"('4week', 'Melaka')",1,"('6day', 'Sarawak')",1,,,"('2mth', 'Perlis')",1,"('2week', 'Kedah')",1,"('4day', 'Kedah')",1,"('4week', 'Sabah')",1,,,"('5mth', 'Pahang')",1,,
,,,,"('1year3Mth', 'Kelantan')",1,,,"('3day', 'Melaka')",1,"('9mth', 'Kelantan')",1,"('4week', 'Pahang')",1,"('6day', 'Selangor')",25,,,"('2mth', 'Pulau Pinang')",4,"('2week', 'Kelantan')",1,"('4day', 'Kelantan')",1,"('4week', 'Sarawak')",1,,,"('5mth', 'Pulau Pinang')",26,,
,,,,"('1year3Mth', 'Perak')",6,,,"('3day', 'Negeri Sembilan')",1,"('9mth', 'Negeri Sembilan')",1,"('4week', 'Perak')",1,"('6mth', 'Negeri Sembilan')",15,,,"('2mth', 'Sabah')",1,"('2week', 'Melaka')",1,"('4day', 'Perlis')",1,"('4week', 'Selangor')",1,,,"('5mth', 'Sabah')",1,,
,,,,"('1year3Mth', 'Perlis')",1,,,"('3day', 'Pahang')",1,"('9mth', 'Pahang')",1,"('4week', 'Perlis')",1,"('6mth', 'Perak')",1,,,"('2mth', 'Sarawak')",1,"('2week', 'Negeri Sembilan')",1,"('4day', 'Pulau Pinang')",1,"('4week', 'W.P. Kuala Lumpur')",1,,,"('5mth', 'Sarawak')",1,,
,,,,"('1year3Mth', 'Pulau Pinang')",1,,,"('3day', 'Perak')",1,"('9mth', 'Perak')",1,"('4week', 'Pulau Pinang')",1,"('6mth', 'Sabah')",1,,,"('2mth', 'Selangor')",1,"('2week', 'Pahang')",1,"('4day', 'Sabah')",1,"('4week', 'W.P. Labuan')",1,,,"('5mth', 'Selangor')",1,,
,,,,"('1year3Mth', 'Sabah')",1,,,"('3day', 'Perlis')",1,"('9mth', 'Pulau Pinang')",1,"('4week', 'Sabah')",1,"('6mth', 'Sarawak')",1,,,"('2mth', 'Terengganu')",13,"('2week', 'Perak')",1,"('4day', 'Sarawak')",1,"('4week', 'W.P. Putrajaya')",1,,,"('5mth', 'W.P. Kuala Lumpur')",1,,
,,,,"('1year3Mth', 'Sarawak')",1,,,"('3day', 'Pulau Pinang')",6,"('9mth', 'Sabah')",1,"('4week', 'Selangor')",1,"('7mth', 'Johor')",1,,,"('2mth', 'W.P. Kuala Lumpur')",1,"('2week', 'Perlis')",1,"('4day', 'Selangor')",1,"('5day', 'Johor')",1,,,"('6day', 'Johor')",1,,
,,,,"('1year3Mth', 'Selangor')",1,,,"('3day', 'Sabah')",1,"('9mth', 'Selangor')",1,"('4week', 'W.P. Kuala Lumpur')",1,"('7mth', 'Negeri Sembilan')",1,,,"('2mth', 'W.P. Labuan')",1,"('2week', 'Pulau Pinang')",1,"('4day', 'W.P. Kuala Lumpur')",1,"('5day', 'Kedah')",1,,,"('6day', 'Melaka')",1,,
,,,,"('1year3Mth', 'Terengganu')",1,,,"('3day', 'Sarawak')",1,"('9mth', 'W.P. Kuala Lumpur')",1,"('4week', 'W.P. Labuan')",1,"('7mth', 'Pahang')",1,,,"('2week', 'Johor')",1,"('2week', 'Sabah')",1,"('4day', 'W.P. Labuan')",1,"('5day', 'Kelantan')",1,,,"('6day', 'Perak')",24,,
,,,,"('1year3Mth', 'W.P. Kuala Lumpur')",1,,,"('3day', 'Selangor')",1,"('cases_new', 'Johor')",1,"('4week', 'W.P. Putrajaya')",16,"('7mth', 'Selangor')",1,,,"('2week', 'Kedah')",1,"('2week', 'Sarawak')",1,"('4day', 'W.P. Putrajaya')",1,"('5day', 'Melaka')",1,,,"('6day', 'Sarawak')",1,,
,,,,"('1year3Mth', 'W.P. Labuan')",1,,,"('3day', 'W.P. Kuala Lumpur')",1,"('cases_new', 'Kedah')",1,"('5day', 'Johor')",1,"('7mth', 'W.P. Kuala Lumpur')",19,,,"('2week', 'Kelantan')",1,"('2week', 'Selangor')",1,"('4mth', 'Kelantan')",17,"('5day', 'Negeri Sembilan')",1,,,"('6day', 'Selangor')",1,,
,,,,"('1year4Mth', 'Kelantan')",1,,,"('3day', 'W.P. Labuan')",1,"('cases_new', 'Kelantan')",26,"('5day', 'Kedah')",1,"('8mth', 'Kedah')",3,,,"('2week', 'Melaka')",1,"('2week', 'Terengganu')",1,"('4mth', 'Melaka')",1,"('5day', 'Pahang')",1,,,"('6day', 'W.P. Labuan')",1,,
,,,,"('1year4Mth', 'Melaka')",1,,,"('3day', 'W.P. Putrajaya')",1,"('cases_new', 'Melaka')",7,"('5day', 'Melaka')",14,"('8mth', 'Perak')",6,,,"('2week', 'Negeri Sembilan')",1,"('2week', 'W.P. Kuala Lumpur')",1,"('4mth', 'Negeri Sembilan')",1,"('5day', 'Perak')",25,,,"('6day', 'W.P. Putrajaya')",1,,
,,,,"('1year4Mth', 'Pahang')",28,,,"('3mth', 'Kedah')",1,"('cases_new', 'Negeri Sembilan')",1,"('5day', 'Negeri Sembilan')",1,"('8mth', 'Sarawak')",5,,,"('2week', 'Pahang')",1,"('2week', 'W.P. Labuan')",1,"('4mth', 'Pahang')",1,"('5day', 'Perlis')",1,,,"('6mth', 'Kedah')",1,,
,,,,"('1year4Mth', 'Perak')",1,,,"('3mth', 'Pulau Pinang')",1,"('cases_new', 'Pahang')",1,"('5day', 'Pahang')",1,"('8mth', 'Selangor')",1,,,"('2week', 'Perak')",1,"('2week', 'W.P. Putrajaya')",1,"('4mth', 'Sabah')",1,"('5day', 'Pulau Pinang')",1,,,"('6mth', 'Kelantan')",1,,
,,,,"('1year4Mth', 'Pulau Pinang')",1,,,"('3mth', 'Sabah')",1,"('cases_new', 'Pulau Pinang')",1,"('5day', 'Perak')",1,"('8mth', 'Terengganu')",27,,,"('2week', 'Perlis')",1,"('3day', 'Johor')",1,"('4mth', 'Sarawak')",19,"('5day', 'Sabah')",1,,,"('6mth', 'Melaka')",1,,
,,,,"('1year4Mth', 'Sarawak')",1,,,"('3week', 'Kedah')",1,"('cases_new', 'Sabah')",1,"('5day', 'Perlis')",1,"('8mth', 'W.P. Kuala Lumpur')",28,,,"('2week', 'Sabah')",1,"('3day', 'Kedah')",1,"('4mth', 'Selangor')",1,"('5day', 'Sarawak')",1,,,"('6mth', 'Negeri Sembilan')",13,,
,,,,"('1year4Mth', 'Selangor')",1,,,"('3week', 'Kelantan')",1,"('cases_new', 'Sarawak')",1,"('5day', 'Pulau Pinang')",1,"('8mth', 'W.P. Putrajaya')",1,,,"('2week', 'Sarawak')",1,"('3day', 'Kelantan')",1,"('4mth', 'W.P. Kuala Lumpur')",1,"('5day', 'Selangor')",1,,,"('6mth', 'Pahang')",1,,
,,,,"('1year4Mth', 'Terengganu')",1,,,"('3week', 'Melaka')",1,"('cases_new', 'Selangor')",9,"('5day', 'Sabah')",23,"('9mth', 'Selangor')",1,,,"('2week', 'Selangor')",1,"('3day', 'Melaka')",1,"('4week', 'Johor')",1,"('5day', 'W.P. Kuala Lumpur')",1,,,"('6mth', 'Perlis')",5,,
,,,,"('1year4Mth', 'W.P. Kuala Lumpur')",1,,,"('3week', 'Negeri Sembilan')",1,,,"('5day', 'Sarawak')",1,"('cases_new', 'Johor')",1,,,"('2week', 'Terengganu')",1,"('3day', 'Negeri Sembilan')",1,"('4week', 'Kedah')",1,"('5day', 'W.P. Labuan')",5,,,"('6mth', 'Terengganu')",1,,
,,,,"('1year4Mth', 'W.P. Labuan')",1,,,"('3week', 'Pahang')",1,,,"('5day', 'Selangor')",1,"('cases_new', 'Kedah')",1,,,"('2week', 'W.P. Kuala Lumpur')",1,"('3day', 'Pahang')",1,"('4week', 'Kelantan')",1,"('5day', 'W.P. Putrajaya')",1,,,"('6mth', 'W.P. Kuala Lumpur')",1,,
,,,,"('1year4Mth', 'W.P. Putrajaya')",8,,,"('3week', 'Perak')",1,,,"('5day', 'Terengganu')",2,"('cases_new', 'Kelantan')",1,,,"('2week', 'W.P. Labuan')",1,"('3day', 'Perak')",21,"('4week', 'Melaka')",1,"('5mth', 'Johor')",18,,,"('7mth', 'Negeri Sembilan')",1,,
,,,,"('1year5Mth', 'Kelantan')",1,,,"('3week', 'Pulau Pinang')",30,,,"('5day', 'W.P. Kuala Lumpur')",1,"('cases_new', 'Melaka')",4,,,"('2week', 'W.P. Putrajaya')",1,"('3day', 'Pulau Pinang')",12,"('4week', 'Pahang')",1,"('5mth', 'Kedah')",1,,,"('8mth', 'Kedah')",17,,
,,,,"('1year5Mth', 'Melaka')",1,,,"('3week', 'Sabah')",1,,,"('5day', 'W.P. Labuan')",1,"('cases_new', 'Negeri Sembilan')",1,,,"('3day', 'Johor')",1,"('3day', 'Sabah')",1,"('4week', 'Perak')",1,"('5mth', 'Kelantan')",1,,,"('8mth', 'Sabah')",1,,
,,,,"('1year5Mth', 'Negeri Sembilan')",1,,,"('3week', 'Sarawak')",1,,,"('5mth', 'Johor')",5,"('cases_new', 'Pahang')",1,,,"('3day', 'Kedah')",1,"('3day', 'Sarawak')",1,"('4week', 'Sabah')",1,"('5mth', 'Melaka')",1,,,"('8mth', 'Selangor')",1,,
,,,,"('1year5Mth', 'Pahang')",1,,,"('3week', 'Selangor')",1,,,"('5mth', 'Kedah')",1,"('cases_new', 'Perak')",1,,,"('3day', 'Kelantan')",1,"('3day', 'Terengganu')",1,"('4week', 'Sarawak')",1,"('5mth', 'Negeri Sembilan')",1,,,"('8mth', 'W.P. Kuala Lumpur')",1,,
,,,,"('1year5Mth', 'Perak')",1,,,"('3week', 'Terengganu')",1,,,"('5mth', 'Melaka')",1,"('cases_new', 'Perlis')",8,,,"('3day', 'Melaka')",1,"('3day', 'W.P. Kuala Lumpur')",1,"('4week', 'Selangor')",1,"('5mth', 'Perlis')",11,,,"('9mth', 'Kedah')",30,,
,,,,"('1year5Mth', 'Perlis')",1,,,"('3week', 'W.P. Kuala Lumpur')",1,,,"('5mth', 'Pahang')",1,"('cases_new', 'Selangor')",1,,,"('3day', 'Negeri Sembilan')",1,"('3day', 'W.P. Labuan')",1,"('4week', 'Terengganu')",1,"('5mth', 'Pulau Pinang')",1,,,"('9mth', 'Kelantan')",2,,
,,,,"('1year5Mth', 'Sabah')",1,,,"('3week', 'W.P. Labuan')",1,,,"('5mth', 'Pulau Pinang')",1,"('cases_new', 'W.P. Kuala Lumpur')",1,,,"('3day', 'Pahang')",1,"('3day', 'W.P. Putrajaya')",1,"('4week', 'W.P. Kuala Lumpur')",10,"('5mth', 'Sabah')",1,,,"('9mth', 'Sabah')",1,,
,,,,"('1year5Mth', 'Selangor')",1,,,"('3week', 'W.P. Putrajaya')",1,,,"('5mth', 'Sabah')",1,,,,,"('3day', 'Perlis')",1,"('3mth', 'Johor')",1,"('4week', 'W.P. Labuan')",1,"('5mth', 'Sarawak')",1,,,"('9mth', 'Sarawak')",1,,
,,,,"('1year5Mth', 'Terengganu')",1,,,"('4day', 'Johor')",1,,,"('5mth', 'Sarawak')",1,,,,,"('3day', 'Pulau Pinang')",1,"('3mth', 'Kelantan')",1,"('4week', 'W.P. Putrajaya')",5,"('5mth', 'Selangor')",1,,,"('9mth', 'Selangor')",1,,
,,,,"('1year5Mth', 'W.P. Putrajaya')",1,,,"('4day', 'Kedah')",1,,,"('5mth', 'Selangor')",1,,,,,"('3day', 'Sabah')",1,"('3mth', 'Negeri Sembilan')",1,"('5day', 'Johor')",1,"('5mth', 'Terengganu')",17,,,"('cases_new', 'Johor')",1,,
,,,,"('1year6Mth', 'Johor')",27,,,"('4day', 'Kelantan')",1,,,"('5mth', 'W.P. Kuala Lumpur')",1,,,,,"('3day', 'Sarawak')",1,"('3mth', 'Perak')",1,"('5day', 'Kedah')",1,"('5mth', 'W.P. Kuala Lumpur')",9,,,"('cases_new', 'Kedah')",1,,
,,,,"('1year6Mth', 'Kedah')",1,,,"('4day', 'Melaka')",1,,,"('6day', 'Johor')",1,,,,,"('3day', 'W.P. Kuala Lumpur')",1,"('3mth', 'Perlis')",1,"('5day', 'Kelantan')",1,"('5mth', 'W.P. Putrajaya')",1,,,"('cases_new', 'Melaka')",1,,
,,,,"('1year6Mth', 'Kelantan')",1,,,"('4day', 'Negeri Sembilan')",1,,,"('6day', 'Kedah')",1,,,,,"('3day', 'W.P. Labuan')",1,"('3mth', 'Pulau Pinang')",1,"('5day', 'Melaka')",1,"('6day', 'Johor')",1,,,"('cases_new', 'Negeri Sembilan')",1,,
,,,,"('1year6Mth', 'Melaka')",1,,,"('4day', 'Pahang')",1,,,"('6day', 'Kelantan')",30,,,,,"('3mth', 'Johor')",1,"('3mth', 'Sabah')",1,"('5day', 'Pahang')",1,"('6day', 'Kedah')",1,,,"('cases_new', 'Pahang')",9,,
,,,,"('1year6Mth', 'Pahang')",1,,,"('4day', 'Perak')",1,,,"('6day', 'Melaka')",1,,,,,"('3mth', 'Kedah')",1,"('3mth', 'Sarawak')",1,"('5day', 'Perak')",1,"('6day', 'Negeri Sembilan')",1,,,"('cases_new', 'Perak')",1,,
,,,,"('1year6Mth', 'Perlis')",1,,,"('4day', 'Perlis')",1,,,"('6day', 'Negeri Sembilan')",1,,,,,"('3mth', 'Perak')",1,"('3mth', 'W.P. Putrajaya')",1,"('5day', 'Perlis')",1,"('6day', 'Perlis')",1,,,"('cases_new', 'Perlis')",1,,
,,,,"('1year6Mth', 'Sarawak')",1,,,"('4day', 'Pulau Pinang')",1,,,"('6day', 'Pahang')",1,,,,,"('3mth', 'Perlis')",1,"('3week', 'Johor')",1,"('5day', 'Pulau Pinang')",1,"('6day', 'Pulau Pinang')",1,,,"('cases_new', 'Pulau Pinang')",19,,
,,,,"('1year6Mth', 'Selangor')",1,,,"('4day', 'Sabah')",1,,,"('6day', 'Perak')",1,,,,,"('3mth', 'Sarawak')",1,"('3week', 'Kedah')",1,"('5day', 'Sabah')",1,"('6day', 'Sabah')",1,,,"('cases_new', 'Sabah')",1,,
,,,,"('1year6Mth', 'W.P. Kuala Lumpur')",1,,,"('4day', 'Sarawak')",1,,,"('6day', 'Pulau Pinang')",1,,,,,"('3mth', 'Selangor')",1,"('3week', 'Kelantan')",1,"('5day', 'Sarawak')",1,"('6day', 'Sarawak')",1,,,"('cases_new', 'Selangor')",1,,
,,,,"('1year6Mth', 'W.P. Labuan')",30,,,"('4day', 'Selangor')",1,,,"('6day', 'Sabah')",15,,,,,"('3mth', 'Terengganu')",1,"('3week', 'Melaka')",1,"('5day', 'Selangor')",1,"('6day', 'Selangor')",1,,,"('cases_new', 'Terengganu')",28,,
,,,,"('1year6Mth', 'W.P. Putrajaya')",1,,,"('4day', 'Terengganu')",1,,,"('6day', 'Sarawak')",1,,,,,"('3week', 'Johor')",1,"('3week', 'Negeri Sembilan')",1,"('5day', 'Terengganu')",1,"('6day', 'W.P. Labuan')",1,,,,,,
,,,,"('1year7Mth', 'Johor')",23,,,"('4day', 'W.P. Kuala Lumpur')",1,,,"('6day', 'Selangor')",1,,,,,"('3week', 'Kedah')",1,"('3week', 'Pahang')",1,"('5day', 'W.P. Putrajaya')",1,"('6day', 'W.P. Putrajaya')",1,,,,,,
,,,,"('1year7Mth', 'Kedah')",1,,,"('4day', 'W.P. Labuan')",1,,,"('6day', 'Terengganu')",1,,,,,"('3week', 'Kelantan')",1,"('3week', 'Perak')",1,"('5mth', 'Melaka')",11,"('6mth', 'Johor')",1,,,,,,
,,,,"('1year7Mth', 'Kelantan')",1,,,"('4day', 'W.P. Putrajaya')",1,,,"('6day', 'W.P. Kuala Lumpur')",1,,,,,"('3week', 'Melaka')",1,"('3week', 'Perlis')",1,"('5mth', 'Pahang')",1,"('6mth', 'Kelantan')",1,,,,,,
,,,,"('1year7Mth', 'Negeri Sembilan')",1,,,"('4mth', 'Johor')",1,,,"('6day', 'W.P. Labuan')",1,,,,,"('3week', 'Negeri Sembilan')",1,"('3week', 'Pulau Pinang')",1,"('5mth', 'Perak')",29,"('6mth', 'Melaka')",8,,,,,,
,,,,"('1year7Mth', 'Pahang')",1,,,"('4mth', 'Kelantan')",1,,,"('6day', 'W.P. Putrajaya')",1,,,,,"('3week', 'Pahang')",1,"('3week', 'Sabah')",1,"('5mth', 'Sarawak')",1,"('6mth', 'Negeri Sembilan')",1,,,,,,
,,,,"('1year7Mth', 'Perak')",1,,,"('4mth', 'Melaka')",1,,,"('6mth', 'Johor')",1,,,,,"('3week', 'Perak')",1,"('3week', 'Sarawak')",1,"('5mth', 'Selangor')",1,"('6mth', 'Pahang')",1,,,,,,
,,,,"('1year7Mth', 'Perlis')",1,,,"('4mth', 'Negeri Sembilan')",1,,,"('6mth', 'Kedah')",1,,,,,"('3week', 'Perlis')",1,"('3week', 'Selangor')",1,"('5mth', 'W.P. Kuala Lumpur')",1,"('6mth', 'Perak')",1,,,,,,
,,,,"('1year7Mth', 'Pulau Pinang')",1,,,"('4mth', 'Pahang')",1,,,"('6mth', 'Melaka')",1,,,,,"('3week', 'Pulau Pinang')",1,"('3week', 'Terengganu')",1,"('5mth', 'W.P. Putrajaya')",1,"('6mth', 'Sabah')",27,,,,,,
,,,,"('1year7Mth', 'Sarawak')",24,,,"('4mth', 'Perak')",1,,,"('6mth', 'Negeri Sembilan')",1,,,,,"('3week', 'Sabah')",1,"('3week', 'W.P. Kuala Lumpur')",1,"('6day', 'Kedah')",1,"('6mth', 'Sarawak')",1,,,,,,
,,,,"('1year7Mth', 'Terengganu')",1,,,"('4mth', 'Perlis')",1,,,"('6mth', 'Pahang')",1,,,,,"('3week', 'Sarawak')",1,"('3week', 'W.P. Labuan')",1,"('6day', 'Kelantan')",1,"('6mth', 'Selangor')",1,,,,,,
,,,,"('1year7Mth', 'W.P. Labuan')",1,,,"('4mth', 'Pulau Pinang')",1,,,"('6mth', 'Perak')",1,,,,,"('3week', 'Selangor')",1,"('3week', 'W.P. Putrajaya')",18,"('6day', 'Negeri Sembilan')",1,"('6mth', 'W.P. Kuala Lumpur')",1,,,,,,
,,,,"('1year7Mth', 'W.P. Putrajaya')",1,,,"('4mth', 'Sabah')",1,,,"('6mth', 'Pulau Pinang')",1,,,,,"('3week', 'Terengganu')",1,"('4day', 'Johor')",15,"('6day', 'Pahang')",1,"('6mth', 'W.P. Labuan')",1,,,,,,
,,,,"('2day', 'Johor')",1,,,"('4mth', 'Sarawak')",1,,,"('6mth', 'Sabah')",1,,,,,"('3week', 'W.P. Kuala Lumpur')",1,"('4day', 'Kedah')",1,"('6day', 'Perlis')",1,"('7mth', 'Johor')",1,,,,,,
,,,,"('2day', 'Kedah')",1,,,"('4mth', 'Selangor')",1,,,"('6mth', 'Sarawak')",1,,,,,"('3week', 'W.P. Labuan')",1,"('4day', 'Kelantan')",1,"('6day', 'Pulau Pinang')",1,"('7mth', 'Kedah')",1,,,,,,
,,,,"('2day', 'Melaka')",1,,,"('4mth', 'W.P. Kuala Lumpur')",1,,,"('6mth', 'Selangor')",1,,,,,"('3week', 'W.P. Putrajaya')",1,"('4day', 'Melaka')",1,"('6day', 'Sabah')",1,"('7mth', 'Kelantan')",28,,,,,,
,,,,"('2day', 'Negeri Sembilan')",1,,,"('4mth', 'W.P. Labuan')",1,,,"('6mth', 'Terengganu')",1,,,,,"('4day', 'Johor')",1,"('4day', 'Negeri Sembilan')",1,"('6day', 'Sarawak')",22,"('7mth', 'Melaka')",26,,,,,,
,,,,"('2day', 'Pahang')",1,,,"('4mth', 'W.P. Putrajaya')",1,,,"('6mth', 'W.P. Kuala Lumpur')",1,,,,,"('4day', 'Kedah')",1,"('4day', 'Pahang')",1,"('6day', 'Terengganu')",1,"('7mth', 'Negeri Sembilan')",1,,,,,,
,,,,"('2day', 'Perak')",1,,,"('4week', 'Johor')",1,,,"('7mth', 'Kedah')",1,,,,,"('4day', 'Kelantan')",1,"('4day', 'Perak')",1,"('6day', 'W.P. Kuala Lumpur')",1,"('7mth', 'Pahang')",1,,,,,,
,,,,"('2day', 'Pulau Pinang')",1,,,"('4week', 'Kedah')",1,,,"('7mth', 'Kelantan')",1,,,,,"('4day', 'Melaka')",1,"('4day', 'Perlis')",1,"('6day', 'W.P. Putrajaya')",1,"('7mth', 'Perlis')",13,,,,,,
,,,,"('2day', 'Sabah')",1,,,"('4week', 'Kelantan')",1,,,"('7mth', 'Melaka')",1,,,,,"('4day', 'Negeri Sembilan')",1,"('4day', 'Pulau Pinang')",1,"('6mth', 'Johor')",1,"('7mth', 'Pulau Pinang')",1,,,,,,
,,,,"('2day', 'Sarawak')",1,,,"('4week', 'Melaka')",1,,,"('7mth', 'Negeri Sembilan')",1,,,,,"('4day', 'Pahang')",1,"('4day', 'Sabah')",1,"('6mth', 'Kedah')",1,"('7mth', 'Sarawak')",1,,,,,,
,,,,"('2day', 'Selangor')",1,,,"('4week', 'Negeri Sembilan')",1,,,"('7mth', 'Pahang')",1,,,,,"('4day', 'Perak')",1,"('4day', 'Sarawak')",1,"('6mth', 'Melaka')",1,"('7mth', 'Selangor')",16,,,,,,
,,,,"('2day', 'Terengganu')",1,,,"('4week', 'Pahang')",1,,,"('7mth', 'Perlis')",19,,,,,"('4day', 'Perlis')",1,"('4day', 'Selangor')",2,"('6mth', 'Negeri Sembilan')",1,"('7mth', 'Terengganu')",1,,,,,,
,,,,"('2day', 'W.P. Kuala Lumpur')",1,,,"('4week', 'Perak')",1,,,"('7mth', 'Pulau Pinang')",1,,,,,"('4day', 'Pulau Pinang')",1,"('4day', 'Terengganu')",1,"('6mth', 'Perlis')",20,"('7mth', 'W.P. Kuala Lumpur')",1,,,,,,
,,,,"('2day', 'W.P. Labuan')",1,,,"('4week', 'Perlis')",1,,,"('7mth', 'Sabah')",17,,,,,"('4day', 'Sabah')",1,"('4day', 'W.P. Kuala Lumpur')",1,"('6mth', 'Pulau Pinang')",1,"('7mth', 'W.P. Labuan')",2,,,,,,
,,,,"('2day', 'W.P. Putrajaya')",1,,,"('4week', 'Pulau Pinang')",1,,,"('7mth', 'Sarawak')",1,,,,,"('4day', 'Sarawak')",1,"('4day', 'W.P. Labuan')",1,"('6mth', 'Sabah')",1,"('8mth', 'Johor')",29,,,,,,
,,,,"('2mth', 'Johor')",1,,,"('4week', 'Sabah')",1,,,"('7mth', 'Selangor')",1,,,,,"('4day', 'Selangor')",1,"('4day', 'W.P. Putrajaya')",1,"('6mth', 'Sarawak')",1,"('8mth', 'Kedah')",1,,,,,,
,,,,"('2mth', 'Kedah')",1,,,"('4week', 'Sarawak')",1,,,"('7mth', 'Terengganu')",1,,,,,"('4day', 'Terengganu')",1,"('4mth', 'Johor')",1,"('6mth', 'Terengganu')",1,"('8mth', 'Kelantan')",1,,,,,,
,,,,"('2mth', 'Kelantan')",1,,,"('4week', 'Selangor')",1,,,"('7mth', 'W.P. Kuala Lumpur')",1,,,,,"('4day', 'W.P. Kuala Lumpur')",1,"('4mth', 'Kedah')",1,"('6mth', 'W.P. Kuala Lumpur')",1,"('8mth', 'Pahang')",1,,,,,,
,,,,"('2mth', 'Melaka')",1,,,"('4week', 'Terengganu')",1,,,"('7mth', 'W.P. Labuan')",28,,,,,"('4day', 'W.P. Labuan')",1,"('4mth', 'Kelantan')",11,"('6mth', 'W.P. Labuan')",1,"('8mth', 'Perak')",1,,,,,,
,,,,"('2mth', 'Negeri Sembilan')",1,,,"('4week', 'W.P. Kuala Lumpur')",1,,,"('7mth', 'W.P. Putrajaya')",20,,,,,"('4day', 'W.P. Putrajaya')",1,"('4mth', 'Melaka')",1,"('7mth', 'Kedah')",1,"('8mth', 'Pulau Pinang')",1,,,,,,
,,,,"('2mth', 'Pahang')",1,,,"('4week', 'W.P. Labuan')",1,,,"('8mth', 'Johor')",1,,,,,"('4mth', 'Johor')",1,"('4mth', 'Negeri Sembilan')",1,"('7mth', 'Melaka')",1,"('8mth', 'Sarawak')",1,,,,,,
,,,,"('2mth', 'Perak')",1,,,"('4week', 'W.P. Putrajaya')",1,,,"('8mth', 'Kelantan')",1,,,,,"('4mth', 'Kelantan')",1,"('4mth', 'Pahang')",1,"('7mth', 'Negeri Sembilan')",1,"('8mth', 'Selangor')",1,,,,,,
,,,,"('2mth', 'Perlis')",1,,,"('5day', 'Johor')",1,,,"('8mth', 'Melaka')",1,,,,,"('4mth', 'Melaka')",1,"('4mth', 'Perak')",17,"('7mth', 'Pahang')",1,"('8mth', 'Terengganu')",1,,,,,,
,,,,"('2mth', 'Pulau Pinang')",1,,,"('5day', 'Kedah')",1,,,"('8mth', 'Pahang')",1,,,,,"('4mth', 'Negeri Sembilan')",1,"('4mth', 'Perlis')",1,"('7mth', 'Perak')",1,"('8mth', 'W.P. Labuan')",1,,,,,,
,,,,"('2mth', 'Sabah')",1,,,"('5day', 'Kelantan')",1,,,"('8mth', 'Perlis')",1,,,,,"('4mth', 'Pahang')",1,"('4mth', 'Sabah')",1,"('7mth', 'Sabah')",1,"('8mth', 'W.P. Putrajaya')",1,,,,,,
,,,,"('2mth', 'Sarawak')",1,,,"('5day', 'Melaka')",1,,,"('8mth', 'Pulau Pinang')",1,,,,,"('4mth', 'Perlis')",6,"('4mth', 'Sarawak')",1,"('7mth', 'Sarawak')",1,"('9mth', 'Kelantan')",1,,,,,,
,,,,"('2mth', 'Selangor')",1,,,"('5day', 'Negeri Sembilan')",1,,,"('8mth', 'Sabah')",1,,,,,"('4mth', 'Pulau Pinang')",19,"('4mth', 'Selangor')",1,"('7mth', 'Selangor')",1,"('9mth', 'Melaka')",12,,,,,,
,,,,"('2mth', 'Terengganu')",1,,,"('5day', 'Pahang')",1,,,"('8mth', 'Sarawak')",1,,,,,"('4mth', 'Sabah')",1,"('4mth', 'Terengganu')",6,"('7mth', 'Terengganu')",1,"('9mth', 'Pulau Pinang')",20,,,,,,
,,,,"('2mth', 'W.P. Kuala Lumpur')",1,,,"('5day', 'Perak')",1,,,"('8mth', 'Selangor')",1,,,,,"('4mth', 'Sarawak')",5,"('4mth', 'W.P. Kuala Lumpur')",1,"('7mth', 'W.P. Kuala Lumpur')",1,"('9mth', 'Sabah')",1,,,,,,
,,,,"('2mth', 'W.P. Labuan')",1,,,"('5day', 'Perlis')",1,,,"('8mth', 'Terengganu')",1,,,,,"('4mth', 'Selangor')",1,"('4mth', 'W.P. Putrajaya')",1,"('8mth', 'Johor')",1,"('9mth', 'Sarawak')",1,,,,,,
,,,,"('2mth', 'W.P. Putrajaya')",1,,,"('5day', 'Pulau Pinang')",1,,,"('8mth', 'W.P. Labuan')",1,,,,,"('4mth', 'Terengganu')",1,"('4week', 'Johor')",1,"('8mth', 'Kedah')",1,"('9mth', 'Selangor')",1,,,,,,
,,,,"('2week', 'Johor')",1,,,"('5day', 'Sabah')",1,,,"('8mth', 'W.P. Putrajaya')",1,,,,,"('4mth', 'W.P. Kuala Lumpur')",1,"('4week', 'Kedah')",1,"('8mth', 'Kelantan')",1,"('9mth', 'Terengganu')",1,,,,,,
,,,,"('2week', 'Kedah')",1,,,"('5day', 'Sarawak')",1,,,"('9mth', 'Johor')",29,,,,,"('4mth', 'W.P. Labuan')",1,"('4week', 'Kelantan')",7,"('8mth', 'Perlis')",1,"('cases_new', 'Johor')",1,,,,,,
,,,,"('2week', 'Kelantan')",1,,,"('5day', 'Selangor')",1,,,"('9mth', 'Kedah')",4,,,,,"('4mth', 'W.P. Putrajaya')",1,"('4week', 'Melaka')",1,"('8mth', 'Pulau Pinang')",1,"('cases_new', 'Kedah')",1,,,,,,
,,,,"('2week', 'Melaka')",1,,,"('5day', 'Terengganu')",1,,,"('9mth', 'Negeri Sembilan')",1,,,,,"('4week', 'Johor')",1,"('4week', 'Negeri Sembilan')",1,"('8mth', 'Sabah')",1,"('cases_new', 'Kelantan')",6,,,,,,
,,,,"('2week', 'Negeri Sembilan')",1,,,"('5day', 'W.P. Kuala Lumpur')",1,,,"('9mth', 'Pahang')",1,,,,,"('4week', 'Kedah')",1,"('4week', 'Pahang')",1,"('8mth', 'Selangor')",1,"('cases_new', 'Melaka')",1,,,,,,
,,,,"('2week', 'Pahang')",1,,,"('5day', 'W.P. Labuan')",1,,,"('9mth', 'Perak')",1,,,,,"('4week', 'Melaka')",1,"('4week', 'Perak')",23,"('8mth', 'Terengganu')",1,"('cases_new', 'Negeri Sembilan')",1,,,,,,
,,,,"('2week', 'Perak')",1,,,"('5day', 'W.P. Putrajaya')",1,,,"('9mth', 'Perlis')",1,,,,,"('4week', 'Negeri Sembilan')",1,"('4week', 'Perlis')",1,"('8mth', 'W.P. Labuan')",1,"('cases_new', 'Pahang')",1,,,,,,
,,,,"('2week', 'Perlis')",1,,,"('5mth', 'Kedah')",1,,,"('9mth', 'Pulau Pinang')",6,,,,,"('4week', 'Pahang')",21,"('4week', 'Pulau Pinang')",1,"('8mth', 'W.P. Putrajaya')",1,"('cases_new', 'Perak')",1,,,,,,
,,,,"('2week', 'Pulau Pinang')",1,,,"('5mth', 'Kelantan')",5,,,"('9mth', 'Sabah')",1,,,,,"('4week', 'Perak')",1,"('4week', 'Sabah')",1,"('9mth', 'Kedah')",1,"('cases_new', 'Perlis')",1,,,,,,
,,,,"('2week', 'Sabah')",1,,,"('5mth', 'Melaka')",1,,,"('9mth', 'Sarawak')",1,,,,,"('4week', 'Perlis')",1,"('4week', 'Selangor')",1,"('9mth', 'Melaka')",1,"('cases_new', 'Pulau Pinang')",1,,,,,,
,,,,"('2week', 'Sarawak')",1,,,"('5mth', 'Negeri Sembilan')",1,,,"('9mth', 'Terengganu')",1,,,,,"('4week', 'Pulau Pinang')",1,"('4week', 'Terengganu')",1,"('9mth', 'Pahang')",1,"('cases_new', 'Sabah')",1,,,,,,
,,,,"('2week', 'Selangor')",1,,,"('5mth', 'Perlis')",20,,,"('9mth', 'W.P. Kuala Lumpur')",1,,,,,"('4week', 'Sabah')",1,"('4week', 'W.P. Kuala Lumpur')",1,"('9mth', 'Perlis')",1,"('cases_new', 'Sarawak')",1,,,,,,
,,,,"('2week', 'Terengganu')",1,,,"('5mth', 'Sabah')",1,,,"('9mth', 'W.P. Labuan')",1,,,,,"('4week', 'Sarawak')",1,"('4week', 'W.P. Labuan')",1,"('9mth', 'Pulau Pinang')",1,"('cases_new', 'Selangor')",1,,,,,,
,,,,"('2week', 'W.P. Labuan')",1,,,"('5mth', 'Sarawak')",1,,,"('9mth', 'W.P. Putrajaya')",1,,,,,"('4week', 'Selangor')",1,"('4week', 'W.P. Putrajaya')",1,"('9mth', 'Sabah')",1,"('cases_new', 'Terengganu')",1,,,,,,
,,,,"('2week', 'W.P. Putrajaya')",1,,,"('5mth', 'Selangor')",1,,,"('cases_new', 'Johor')",1,,,,,"('4week', 'Terengganu')",1,"('5day', 'Johor')",1,"('9mth', 'Sarawak')",1,"('cases_new', 'W.P. Labuan')",1,,,,,,
,,,,"('3day', 'Johor')",1,,,"('5mth', 'W.P. Kuala Lumpur')",18,,,"('cases_new', 'Kedah')",1,,,,,"('4week', 'W.P. Kuala Lumpur')",1,"('5day', 'Kedah')",1,"('9mth', 'Selangor')",1,,,,,,,,
,,,,"('3day', 'Kedah')",1,,,"('5mth', 'W.P. Putrajaya')",21,,,"('cases_new', 'Kelantan')",1,,,,,"('4week', 'W.P. Labuan')",1,"('5day', 'Kelantan')",1,"('9mth', 'Terengganu')",1,,,,,,,,
,,,,"('3day', 'Kelantan')",1,,,"('6day', 'Johor')",1,,,"('cases_new', 'Melaka')",1,,,,,"('4week', 'W.P. Putrajaya')",1,"('5day', 'Melaka')",1,"('9mth', 'W.P. Kuala Lumpur')",1,,,,,,,,
,,,,"('3day', 'Melaka')",1,,,"('6day', 'Kedah')",1,,,"('cases_new', 'Negeri Sembilan')",1,,,,,"('5day', 'Johor')",1,"('5day', 'Negeri Sembilan')",1,"('9mth', 'W.P. Putrajaya')",1,,,,,,,,
,,,,"('3day', 'Negeri Sembilan')",1,,,"('6day', 'Kelantan')",1,,,"('cases_new', 'Perak')",1,,,,,"('5day', 'Kedah')",1,"('5day', 'Pahang')",1,"('cases_new', 'Johor')",1,,,,,,,,
,,,,"('3day', 'Pahang')",1,,,"('6day', 'Melaka')",1,,,"('cases_new', 'Perlis')",1,,,,,"('5day', 'Kelantan')",1,"('5day', 'Perak')",1,"('cases_new', 'Kedah')",1,,,,,,,,
,,,,"('3day', 'Perak')",1,,,"('6day', 'Negeri Sembilan')",1,,,"('cases_new', 'Pulau Pinang')",1,,,,,"('5day', 'Melaka')",1,"('5day', 'Perlis')",1,"('cases_new', 'Kelantan')",1,,,,,,,,
,,,,"('3day', 'Perlis')",1,,,"('6day', 'Perak')",1,,,"('cases_new', 'Sabah')",1,,,,,"('5day', 'Negeri Sembilan')",1,"('5day', 'Pulau Pinang')",1,"('cases_new', 'Negeri Sembilan')",1,,,,,,,,
,,,,"('3day', 'Pulau Pinang')",1,,,"('6day', 'Perlis')",1,,,"('cases_new', 'Sarawak')",1,,,,,"('5day', 'Pahang')",1,"('5day', 'Sabah')",1,"('cases_new', 'Pahang')",1,,,,,,,,
,,,,"('3day', 'Sabah')",16,,,"('6day', 'Pulau Pinang')",1,,,"('cases_new', 'Selangor')",1,,,,,"('5day', 'Perak')",1,"('5day', 'Sarawak')",1,"('cases_new', 'Perak')",1,,,,,,,,
,,,,"('3day', 'Sarawak')",1,,,"('6day', 'Sabah')",1,,,"('cases_new', 'Terengganu')",1,,,,,"('5day', 'Perlis')",1,"('5day', 'Selangor')",1,"('cases_new', 'Perlis')",14,,,,,,,,
,,,,"('3day', 'Selangor')",1,,,"('6day', 'Sarawak')",1,,,"('cases_new', 'W.P. Kuala Lumpur')",1,,,,,"('5day', 'Pulau Pinang')",1,"('5day', 'Terengganu')",1,"('cases_new', 'Pulau Pinang')",1,,,,,,,,
,,,,"('3day', 'Terengganu')",1,,,"('6day', 'Selangor')",1,,,,,,,,,"('5day', 'Sabah')",1,"('5day', 'W.P. Kuala Lumpur')",1,"('cases_new', 'Sabah')",1,,,,,,,,
,,,,"('3day', 'W.P. Kuala Lumpur')",1,,,"('6day', 'Terengganu')",1,,,,,,,,,"('5day', 'Sarawak')",1,"('5day', 'W.P. Labuan')",1,,,,,,,,,,
,,,,"('3day', 'W.P. Labuan')",1,,,"('6day', 'W.P. Kuala Lumpur')",1,,,,,,,,,"('5day', 'Selangor')",1,"('5day', 'W.P. Putrajaya')",1,,,,,,,,,,
,,,,"('3day', 'W.P. Putrajaya')",4,,,"('6day', 'W.P. Labuan')",1,,,,,,,,,"('5day', 'W.P. Kuala Lumpur')",1,"('5mth', 'Johor')",1,,,,,,,,,,
,,,,"('3mth', 'Johor')",1,,,"('6day', 'W.P. Putrajaya')",1,,,,,,,,,"('5day', 'W.P. Labuan')",1,"('5mth', 'Kedah')",1,,,,,,,,,,
,,,,"('3mth', 'Kedah')",1,,,"('6mth', 'Johor')",1,,,,,,,,,"('5day', 'W.P. Putrajaya')",1,"('5mth', 'Melaka')",1,,,,,,,,,,
,,,,"('3mth', 'Kelantan')",1,,,"('6mth', 'Kelantan')",14,,,,,,,,,"('5mth', 'Johor')",1,"('5mth', 'Negeri Sembilan')",1,,,,,,,,,,
,,,,"('3mth', 'Melaka')",1,,,"('6mth', 'Melaka')",1,,,,,,,,,"('5mth', 'Kelantan')",1,"('5mth', 'Pahang')",1,,,,,,,,,,
,,,,"('3mth', 'Negeri Sembilan')",1,,,"('6mth', 'Negeri Sembilan')",1,,,,,,,,,"('5mth', 'Melaka')",1,"('5mth', 'Perak')",1,,,,,,,,,,
,,,,"('3mth', 'Pahang')",1,,,"('6mth', 'Pahang')",1,,,,,,,,,"('5mth', 'Negeri Sembilan')",1,"('5mth', 'Perlis')",1,,,,,,,,,,
,,,,"('3mth', 'Perak')",1,,,"('6mth', 'Perak')",1,,,,,,,,,"('5mth', 'Pahang')",1,"('5mth', 'Pulau Pinang')",1,,,,,,,,,,
,,,,"('3mth', 'Perlis')",1,,,"('6mth', 'Sabah')",1,,,,,,,,,"('5mth', 'Perak')",1,"('5mth', 'Sarawak')",1,,,,,,,,,,
,,,,"('3mth', 'Pulau Pinang')",1,,,"('6mth', 'Selangor')",1,,,,,,,,,"('5mth', 'Pulau Pinang')",1,"('5mth', 'Selangor')",1,,,,,,,,,,
,,,,"('3mth', 'Sabah')",1,,,"('6mth', 'Terengganu')",1,,,,,,,,,"('5mth', 'Sabah')",1,"('5mth', 'Terengganu')",1,,,,,,,,,,
,,,,"('3mth', 'Sarawak')",1,,,"('6mth', 'W.P. Kuala Lumpur')",1,,,,,,,,,"('5mth', 'Sarawak')",1,"('5mth', 'W.P. Kuala Lumpur')",1,,,,,,,,,,
,,,,"('3mth', 'Selangor')",1,,,"('6mth', 'W.P. Labuan')",1,,,,,,,,,"('5mth', 'Selangor')",1,"('5mth', 'W.P. Labuan')",1,,,,,,,,,,
,,,,"('3mth', 'Terengganu')",1,,,"('7mth', 'Johor')",1,,,,,,,,,"('5mth', 'W.P. Kuala Lumpur')",1,"('5mth', 'W.P. Putrajaya')",1,,,,,,,,,,
,,,,"('3mth', 'W.P. Kuala Lumpur')",1,,,"('7mth', 'Kelantan')",1,,,,,,,,,"('5mth', 'W.P. Putrajaya')",1,"('6day', 'Johor')",1,,,,,,,,,,
,,,,"('3mth', 'W.P. Labuan')",1,,,"('7mth', 'Melaka')",8,,,,,,,,,"('6day', 'Johor')",1,"('6day', 'Kedah')",1,,,,,,,,,,
,,,,"('3mth', 'W.P. Putrajaya')",1,,,"('7mth', 'Negeri Sembilan')",1,,,,,,,,,"('6day', 'Kedah')",1,"('6day', 'Melaka')",1,,,,,,,,,,
,,,,"('3week', 'Johor')",1,,,"('7mth', 'Pahang')",1,,,,,,,,,"('6day', 'Kelantan')",1,"('6day', 'Negeri Sembilan')",1,,,,,,,,,,
,,,,"('3week', 'Kedah')",1,,,"('7mth', 'Pulau Pinang')",1,,,,,,,,,"('6day', 'Melaka')",1,"('6day', 'Perak')",1,,,,,,,,,,
,,,,"('3week', 'Kelantan')",1,,,"('7mth', 'Sabah')",1,,,,,,,,,"('6day', 'Negeri Sembilan')",1,"('6day', 'Perlis')",1,,,,,,,,,,
,,,,"('3week', 'Melaka')",1,,,"('7mth', 'Sarawak')",1,,,,,,,,,"('6day', 'Pahang')",1,"('6day', 'Pulau Pinang')",1,,,,,,,,,,
,,,,"('3week', 'Negeri Sembilan')",1,,,"('7mth', 'Selangor')",1,,,,,,,,,"('6day', 'Perak')",1,"('6day', 'Sabah')",1,,,,,,,,,,
,,,,"('3week', 'Pahang')",1,,,"('7mth', 'Terengganu')",1,,,,,,,,,"('6day', 'Perlis')",1,"('6day', 'Sarawak')",1,,,,,,,,,,
,,,,"('3week', 'Perak')",1,,,"('7mth', 'W.P. Kuala Lumpur')",1,,,,,,,,,"('6day', 'Pulau Pinang')",1,"('6day', 'Selangor')",1,,,,,,,,,,
,,,,"('3week', 'Perlis')",1,,,"('7mth', 'W.P. Labuan')",1,,,,,,,,,"('6day', 'Sabah')",1,"('6day', 'Terengganu')",1,,,,,,,,,,
,,,,"('3week', 'Pulau Pinang')",1,,,"('8mth', 'Johor')",1,,,,,,,,,"('6day', 'Sarawak')",1,"('6day', 'W.P. Kuala Lumpur')",1,,,,,,,,,,
,,,,"('3week', 'Sabah')",1,,,"('8mth', 'Kedah')",1,,,,,,,,,"('6day', 'Selangor')",1,"('6day', 'W.P. Labuan')",28,,,,,,,,,,
,,,,"('3week', 'Sarawak')",1,,,"('8mth', 'Kelantan')",1,,,,,,,,,"('6day', 'Terengganu')",1,"('6day', 'W.P. Putrajaya')",1,,,,,,,,,,
,,,,"('3week', 'Selangor')",1,,,"('8mth', 'Melaka')",1,,,,,,,,,"('6day', 'W.P. Kuala Lumpur')",1,"('6mth', 'Johor')",1,,,,,,,,,,
,,,,"('3week', 'Terengganu')",1,,,"('8mth', 'Negeri Sembilan')",1,,,,,,,,,"('6day', 'W.P. Labuan')",1,"('6mth', 'Kedah')",1,,,,,,,,,,
,,,,"('3week', 'W.P. Kuala Lumpur')",1,,,"('8mth', 'Pahang')",1,,,,,,,,,"('6day', 'W.P. Putrajaya')",1,"('6mth', 'Kelantan')",1,,,,,,,,,,
,,,,"('3week', 'W.P. Labuan')",1,,,"('8mth', 'Perak')",1,,,,,,,,,"('6mth', 'Johor')",1,"('6mth', 'Melaka')",1,,,,,,,,,,
,,,,"('3week', 'W.P. Putrajaya')",1,,,"('8mth', 'Perlis')",1,,,,,,,,,"('6mth', 'Kedah')",1,"('6mth', 'Negeri Sembilan')",1,,,,,,,,,,
,,,,"('4day', 'Johor')",1,,,"('8mth', 'Pulau Pinang')",1,,,,,,,,,"('6mth', 'Kelantan')",1,"('6mth', 'Pahang')",1,,,,,,,,,,
,,,,"('4day', 'Kedah')",1,,,"('8mth', 'Sabah')",1,,,,,,,,,"('6mth', 'Melaka')",1,"('6mth', 'Perak')",1,,,,,,,,,,
,,,,"('4day', 'Kelantan')",1,,,"('8mth', 'Sarawak')",1,,,,,,,,,"('6mth', 'Negeri Sembilan')",1,"('6mth', 'Pulau Pinang')",1,,,,,,,,,,
,,,,"('4day', 'Melaka')",1,,,"('8mth', 'Selangor')",1,,,,,,,,,"('6mth', 'Pahang')",1,"('6mth', 'Sabah')",1,,,,,,,,,,
,,,,"('4day', 'Negeri Sembilan')",1,,,"('8mth', 'Terengganu')",1,,,,,,,,,"('6mth', 'Perak')",1,"('6mth', 'Sarawak')",1,,,,,,,,,,
,,,,"('4day', 'Pahang')",1,,,"('8mth', 'W.P. Kuala Lumpur')",1,,,,,,,,,"('6mth', 'Perlis')",1,"('6mth', 'Selangor')",1,,,,,,,,,,
,,,,"('4day', 'Perak')",1,,,"('8mth', 'W.P. Labuan')",1,,,,,,,,,"('6mth', 'Pulau Pinang')",1,"('6mth', 'Terengganu')",1,,,,,,,,,,
,,,,"('4day', 'Perlis')",1,,,"('8mth', 'W.P. Putrajaya')",1,,,,,,,,,"('6mth', 'Sabah')",1,"('6mth', 'W.P. Kuala Lumpur')",1,,,,,,,,,,
,,,,"('4day', 'Pulau Pinang')",1,,,"('9mth', 'Johor')",1,,,,,,,,,"('6mth', 'Sarawak')",1,"('6mth', 'W.P. Labuan')",1,,,,,,,,,,
,,,,"('4day', 'Sabah')",1,,,"('9mth', 'Kedah')",1,,,,,,,,,"('6mth', 'Selangor')",1,"('6mth', 'W.P. Putrajaya')",1,,,,,,,,,,
,,,,"('4day', 'Sarawak')",1,,,"('9mth', 'Kelantan')",1,,,,,,,,,"('6mth', 'Terengganu')",1,"('7mth', 'Johor')",1,,,,,,,,,,
,,,,"('4day', 'Selangor')",1,,,"('9mth', 'Negeri Sembilan')",1,,,,,,,,,"('6mth', 'W.P. Kuala Lumpur')",1,"('7mth', 'Kedah')",1,,,,,,,,,,
,,,,"('4day', 'Terengganu')",1,,,"('9mth', 'Perak')",1,,,,,,,,,"('6mth', 'W.P. Labuan')",1,"('7mth', 'Kelantan')",1,,,,,,,,,,
,,,,"('4day', 'W.P. Kuala Lumpur')",1,,,"('9mth', 'Perlis')",1,,,,,,,,,"('6mth', 'W.P. Putrajaya')",1,"('7mth', 'Melaka')",1,,,,,,,,,,
,,,,"('4day', 'W.P. Labuan')",1,,,"('9mth', 'Pulau Pinang')",12,,,,,,,,,"('7mth', 'Johor')",1,"('7mth', 'Negeri Sembilan')",1,,,,,,,,,,
,,,,"('4day', 'W.P. Putrajaya')",1,,,"('9mth', 'Sabah')",1,,,,,,,,,"('7mth', 'Kedah')",1,"('7mth', 'Pahang')",1,,,,,,,,,,
,,,,"('4mth', 'Johor')",1,,,"('9mth', 'Sarawak')",1,,,,,,,,,"('7mth', 'Kelantan')",1,"('7mth', 'Perak')",1,,,,,,,,,,
,,,,"('4mth', 'Kedah')",1,,,"('9mth', 'Selangor')",1,,,,,,,,,"('7mth', 'Melaka')",1,"('7mth', 'Perlis')",1,,,,,,,,,,
,,,,"('4mth', 'Kelantan')",1,,,"('9mth', 'Terengganu')",26,,,,,,,,,"('7mth', 'Negeri Sembilan')",1,"('7mth', 'Pulau Pinang')",1,,,,,,,,,,
,,,,"('4mth', 'Melaka')",1,,,"('cases_new', 'Johor')",1,,,,,,,,,"('7mth', 'Pahang')",1,"('7mth', 'Sabah')",1,,,,,,,,,,
,,,,"('4mth', 'Negeri Sembilan')",1,,,"('cases_new', 'Kedah')",1,,,,,,,,,"('7mth', 'Perak')",1,"('7mth', 'Sarawak')",1,,,,,,,,,,
,,,,"('4mth', 'Pahang')",1,,,"('cases_new', 'Kelantan')",1,,,,,,,,,"('7mth', 'Perlis')",1,"('7mth', 'Selangor')",1,,,,,,,,,,
,,,,"('4mth', 'Perak')",1,,,"('cases_new', 'Melaka')",1,,,,,,,,,"('7mth', 'Pulau Pinang')",1,"('7mth', 'Terengganu')",1,,,,,,,,,,
,,,,"('4mth', 'Perlis')",1,,,"('cases_new', 'Negeri Sembilan')",1,,,,,,,,,"('7mth', 'Sabah')",1,"('7mth', 'W.P. Kuala Lumpur')",1,,,,,,,,,,
,,,,"('4mth', 'Pulau Pinang')",1,,,"('cases_new', 'Pahang')",1,,,,,,,,,"('7mth', 'Sarawak')",1,"('7mth', 'W.P. Putrajaya')",1,,,,,,,,,,
,,,,"('4mth', 'Sabah')",1,,,"('cases_new', 'Perak')",1,,,,,,,,,"('7mth', 'Selangor')",1,"('8mth', 'Johor')",1,,,,,,,,,,
,,,,"('4mth', 'Sarawak')",1,,,"('cases_new', 'Perlis')",1,,,,,,,,,"('7mth', 'Terengganu')",1,"('8mth', 'Kedah')",1,,,,,,,,,,
,,,,"('4mth', 'Selangor')",1,,,"('cases_new', 'Pulau Pinang')",1,,,,,,,,,"('7mth', 'W.P. Kuala Lumpur')",1,"('8mth', 'Kelantan')",1,,,,,,,,,,
,,,,"('4mth', 'Terengganu')",1,,,"('cases_new', 'Sabah')",1,,,,,,,,,"('7mth', 'W.P. Labuan')",1,"('8mth', 'Melaka')",1,,,,,,,,,,
,,,,"('4mth', 'W.P. Kuala Lumpur')",1,,,"('cases_new', 'Sarawak')",1,,,,,,,,,"('7mth', 'W.P. Putrajaya')",1,"('8mth', 'Negeri Sembilan')",1,,,,,,,,,,
,,,,"('4mth', 'W.P. Labuan')",1,,,"('cases_new', 'Selangor')",1,,,,,,,,,"('8mth', 'Johor')",10,"('8mth', 'Pahang')",1,,,,,,,,,,
,,,,"('4mth', 'W.P. Putrajaya')",1,,,"('cases_new', 'Terengganu')",1,,,,,,,,,"('8mth', 'Kedah')",1,"('8mth', 'Perlis')",1,,,,,,,,,,
,,,,"('4week', 'Johor')",1,,,"('cases_new', 'W.P. Kuala Lumpur')",1,,,,,,,,,"('8mth', 'Melaka')",1,"('8mth', 'Pulau Pinang')",1,,,,,,,,,,
,,,,"('4week', 'Kedah')",1,,,,,,,,,,,,,"('8mth', 'Negeri Sembilan')",1,"('8mth', 'Sabah')",1,,,,,,,,,,
,,,,"('4week', 'Kelantan')",1,,,,,,,,,,,,,"('8mth', 'Pahang')",1,"('8mth', 'Sarawak')",1,,,,,,,,,,
,,,,"('4week', 'Melaka')",1,,,,,,,,,,,,,"('8mth', 'Perak')",16,"('8mth', 'Selangor')",1,,,,,,,,,,
,,,,"('4week', 'Negeri Sembilan')",1,,,,,,,,,,,,,"('8mth', 'Perlis')",1,"('8mth', 'Terengganu')",1,,,,,,,,,,
,,,,"('4week', 'Pahang')",1,,,,,,,,,,,,,"('8mth', 'Sabah')",1,"('8mth', 'W.P. Kuala Lumpur')",1,,,,,,,,,,
,,,,"('4week', 'Perak')",1,,,,,,,,,,,,,"('8mth', 'Selangor')",1,"('8mth', 'W.P. Labuan')",1,,,,,,,,,,
,,,,"('4week', 'Perlis')",1,,,,,,,,,,,,,"('8mth', 'W.P. Kuala Lumpur')",1,"('8mth', 'W.P. Putrajaya')",1,,,,,,,,,,
,,,,"('4week', 'Pulau Pinang')",1,,,,,,,,,,,,,"('8mth', 'W.P. Labuan')",1,"('9mth', 'Johor')",1,,,,,,,,,,
,,,,"('4week', 'Sabah')",1,,,,,,,,,,,,,"('8mth', 'W.P. Putrajaya')",1,"('9mth', 'Kedah')",1,,,,,,,,,,
,,,,"('4week', 'Sarawak')",1,,,,,,,,,,,,,"('9mth', 'Johor')",1,"('9mth', 'Kelantan')",1,,,,,,,,,,
,,,,"('4week', 'Selangor')",1,,,,,,,,,,,,,"('9mth', 'Kedah')",1,"('9mth', 'Melaka')",1,,,,,,,,,,
,,,,"('4week', 'Terengganu')",1,,,,,,,,,,,,,"('9mth', 'Kelantan')",1,"('9mth', 'Negeri Sembilan')",1,,,,,,,,,,
,,,,"('4week', 'W.P. Kuala Lumpur')",1,,,,,,,,,,,,,"('9mth', 'Melaka')",1,"('9mth', 'Pahang')",1,,,,,,,,,,
,,,,"('4week', 'W.P. Labuan')",1,,,,,,,,,,,,,"('9mth', 'Negeri Sembilan')",11,"('9mth', 'Perlis')",1,,,,,,,,,,
,,,,"('4week', 'W.P. Putrajaya')",1,,,,,,,,,,,,,"('9mth', 'Pahang')",27,"('9mth', 'Pulau Pinang')",1,,,,,,,,,,
,,,,"('5day', 'Johor')",1,,,,,,,,,,,,,"('9mth', 'Perak')",1,"('9mth', 'Sabah')",22,,,,,,,,,,
,,,,"('5day', 'Kedah')",1,,,,,,,,,,,,,"('9mth', 'Perlis')",1,"('9mth', 'Sarawak')",1,,,,,,,,,,
,,,,"('5day', 'Kelantan')",1,,,,,,,,,,,,,"('9mth', 'Pulau Pinang')",1,"('9mth', 'Selangor')",1,,,,,,,,,,
,,,,"('5day', 'Melaka')",1,,,,,,,,,,,,,"('9mth', 'Sabah')",1,"('9mth', 'Terengganu')",1,,,,,,,,,,
,,,,"('5day', 'Negeri Sembilan')",1,,,,,,,,,,,,,"('9mth', 'Sarawak')",1,"('9mth', 'W.P. Kuala Lumpur')",1,,,,,,,,,,
,,,,"('5day', 'Pahang')",1,,,,,,,,,,,,,"('9mth', 'Selangor')",1,"('9mth', 'W.P. Labuan')",24,,,,,,,,,,
,,,,"('5day', 'Perak')",1,,,,,,,,,,,,,"('9mth', 'Terengganu')",1,"('9mth', 'W.P. Putrajaya')",1,,,,,,,,,,
,,,,"('5day', 'Perlis')",1,,,,,,,,,,,,,"('9mth', 'W.P. Kuala Lumpur')",1,"('cases_new', 'Johor')",1,,,,,,,,,,
,,,,"('5day', 'Pulau Pinang')",1,,,,,,,,,,,,,"('9mth', 'W.P. Labuan')",1,"('cases_new', 'Kelantan')",1,,,,,,,,,,
,,,,"('5day', 'Sabah')",1,,,,,,,,,,,,,"('9mth', 'W.P. Putrajaya')",1,"('cases_new', 'Melaka')",1,,,,,,,,,,
,,,,"('5day', 'Sarawak')",1,,,,,,,,,,,,,"('cases_new', 'Johor')",1,"('cases_new', 'Pahang')",1,,,,,,,,,,
,,,,"('5day', 'Selangor')",1,,,,,,,,,,,,,"('cases_new', 'Kedah')",1,"('cases_new', 'Perak')",1,,,,,,,,,,
,,,,"('5day', 'Terengganu')",1,,,,,,,,,,,,,"('cases_new', 'Kelantan')",1,"('cases_new', 'Perlis')",1,,,,,,,,,,
,,,,"('5day', 'W.P. Kuala Lumpur')",1,,,,,,,,,,,,,"('cases_new', 'Melaka')",1,"('cases_new', 'Pulau Pinang')",1,,,,,,,,,,
,,,,"('5day', 'W.P. Labuan')",1,,,,,,,,,,,,,"('cases_new', 'Negeri Sembilan')",1,"('cases_new', 'Sabah')",1,,,,,,,,,,
,,,,"('5day', 'W.P. Putrajaya')",1,,,,,,,,,,,,,"('cases_new', 'Pahang')",1,"('cases_new', 'Sarawak')",1,,,,,,,,,,
,,,,"('5mth', 'Johor')",1,,,,,,,,,,,,,"('cases_new', 'Perak')",1,"('cases_new', 'Selangor')",1,,,,,,,,,,
,,,,"('5mth', 'Kedah')",1,,,,,,,,,,,,,"('cases_new', 'Perlis')",1,"('cases_new', 'Terengganu')",1,,,,,,,,,,
,,,,"('5mth', 'Kelantan')",1,,,,,,,,,,,,,"('cases_new', 'Pulau Pinang')",1,"('cases_new', 'W.P. Kuala Lumpur')",1,,,,,,,,,,
,,,,"('5mth', 'Melaka')",1,,,,,,,,,,,,,"('cases_new', 'Sabah')",1,,,,,,,,,,,,
,,,,"('5mth', 'Negeri Sembilan')",1,,,,,,,,,,,,,"('cases_new', 'Sarawak')",1,,,,,,,,,,,,
,,,,"('5mth', 'Pahang')",1,,,,,,,,,,,,,"('cases_new', 'Selangor')",1,,,,,,,,,,,,
,,,,"('5mth', 'Perak')",1,,,,,,,,,,,,,"('cases_new', 'Terengganu')",1,,,,,,,,,,,,
,,,,"('5mth', 'Perlis')",1,,,,,,,,,,,,,"('cases_new', 'W.P. Kuala Lumpur')",12,,,,,,,,,,,,
,,,,"('5mth', 'Pulau Pinang')",1,,,,,,,,,,,,,"('cases_new', 'W.P. Putrajaya')",25,,,,,,,,,,,,
,,,,"('5mth', 'Sabah')",1,,,,,,,,,,,,,,,,,,,,,,,,,,
,,,,"('5mth', 'Sarawak')",1,,,,,,,,,,,,,,,,,,,,,,,,,,
,,,,"('5mth', 'Selangor')",1,,,,,,,,,,,,,,,,,,,,,,,,,,
,,,,"('5mth', 'Terengganu')",1,,,,,,,,,,,,,,,,,,,,,,,,,,
,,,,"('5mth', 'W.P. Kuala Lumpur')",1,,,,,,,,,,,,,,,,,,,,,,,,,,
,,,,"('5mth', 'W.P. Labuan')",1,,,,,,,,,,,,,,,,,,,,,,,,,,
,,,,"('5mth', 'W.P. Putrajaya')",1,,,,,,,,,,,,,,,,,,,,,,,,,,
,,,,"('6day', 'Johor')",1,,,,,,,,,,,,,,,,,,,,,,,,,,
,,,,"('6day', 'Kedah')",1,,,,,,,,,,,,,,,,,,,,,,,,,,
,,,,"('6day', 'Kelantan')",1,,,,,,,,,,,,,,,,,,,,,,,,,,
,,,,"('6day', 'Melaka')",1,,,,,,,,,,,,,,,,,,,,,,,,,,
,,,,"('6day', 'Negeri Sembilan')",1,,,,,,,,,,,,,,,,,,,,,,,,,,
,,,,"('6day', 'Pahang')",1,,,,,,,,,,,,,,,,,,,,,,,,,,
,,,,"('6day', 'Perak')",1,,,,,,,,,,,,,,,,,,,,,,,,,,
,,,,"('6day', 'Perlis')",1,,,,,,,,,,,,,,,,,,,,,,,,,,
,,,,"('6day', 'Pulau Pinang')",1,,,,,,,,,,,,,,,,,,,,,,,,,,
,,,,"('6day', 'Sabah')",1,,,,,,,,,,,,,,,,,,,,,,,,,,
,,,,"('6day', 'Sarawak')",1,,,,,,,,,,,,,,,,,,,,,,,,,,
,,,,"('6day', 'Selangor')",1,,,,,,,,,,,,,,,,,,,,,,,,,,
,,,,"('6day', 'Terengganu')",1,,,,,,,,,,,,,,,,,,,,,,,,,,
,,,,"('6day', 'W.P. Kuala Lumpur')",1,,,,,,,,,,,,,,,,,,,,,,,,,,
,,,,"('6day', 'W.P. Labuan')",1,,,,,,,,,,,,,,,,,,,,,,,,,,
,,,,"('6day', 'W.P. Putrajaya')",1,,,,,,,,,,,,,,,,,,,,,,,,,,
,,,,"('6mth', 'Johor')",1,,,,,,,,,,,,,,,,,,,,,,,,,,
,,,,"('6mth', 'Kedah')",1,,,,,,,,,,,,,,,,,,,,,,,,,,
,,,,"('6mth', 'Kelantan')",1,,,,,,,,,,,,,,,,,,,,,,,,,,
,,,,"('6mth', 'Melaka')",1,,,,,,,,,,,,,,,,,,,,,,,,,,
,,,,"('6mth', 'Pahang')",1,,,,,,,,,,,,,,,,,,,,,,,,,,
,,,,"('6mth', 'Perak')",1,,,,,,,,,,,,,,,,,,,,,,,,,,
,,,,"('6mth', 'Perlis')",1,,,,,,,,,,,,,,,,,,,,,,,,,,
,,,,"('6mth', 'Pulau Pinang')",1,,,,,,,,,,,,,,,,,,,,,,,,,,
,,,,"('6mth', 'Sabah')",1,,,,,,,,,,,,,,,,,,,,,,,,,,
,,,,"('6mth', 'Sarawak')",1,,,,,,,,,,,,,,,,,,,,,,,,,,
,,,,"('6mth', 'Selangor')",1,,,,,,,,,,,,,,,,,,,,,,,,,,
,,,,"('6mth', 'Terengganu')",1,,,,,,,,,,,,,,,,,,,,,,,,,,
,,,,"('6mth', 'W.P. Kuala Lumpur')",1,,,,,,,,,,,,,,,,,,,,,,,,,,
,,,,"('6mth', 'W.P. Labuan')",1,,,,,,,,,,,,,,,,,,,,,,,,,,
,,,,"('6mth', 'W.P. Putrajaya')",1,,,,,,,,,,,,,,,,,,,,,,,,,,
,,,,"('7mth', 'Johor')",1,,,,,,,,,,,,,,,,,,,,,,,,,,
,,,,"('7mth', 'Kedah')",1,,,,,,,,,,,,,,,,,,,,,,,,,,
,,,,"('7mth', 'Kelantan')",1,,,,,,,,,,,,,,,,,,,,,,,,,,
,,,,"('7mth', 'Melaka')",1,,,,,,,,,,,,,,,,,,,,,,,,,,
,,,,"('7mth', 'Negeri Sembilan')",1,,,,,,,,,,,,,,,,,,,,,,,,,,
,,,,"('7mth', 'Pahang')",1,,,,,,,,,,,,,,,,,,,,,,,,,,
,,,,"('7mth', 'Perak')",1,,,,,,,,,,,,,,,,,,,,,,,,,,
,,,,"('7mth', 'Perlis')",1,,,,,,,,,,,,,,,,,,,,,,,,,,
,,,,"('7mth', 'Pulau Pinang')",1,,,,,,,,,,,,,,,,,,,,,,,,,,
,,,,"('7mth', 'Sabah')",1,,,,,,,,,,,,,,,,,,,,,,,,,,
,,,,"('7mth', 'Sarawak')",1,,,,,,,,,,,,,,,,,,,,,,,,,,
,,,,"('7mth', 'Selangor')",1,,,,,,,,,,,,,,,,,,,,,,,,,,
,,,,"('7mth', 'Terengganu')",1,,,,,,,,,,,,,,,,,,,,,,,,,,
,,,,"('7mth', 'W.P. Kuala Lumpur')",1,,,,,,,,,,,,,,,,,,,,,,,,,,
,,,,"('7mth', 'W.P. Labuan')",1,,,,,,,,,,,,,,,,,,,,,,,,,,
,,,,"('7mth', 'W.P. Putrajaya')",1,,,,,,,,,,,,,,,,,,,,,,,,,,
,,,,"('8mth', 'Johor')",1,,,,,,,,,,,,,,,,,,,,,,,,,,
,,,,"('8mth', 'Kedah')",1,,,,,,,,,,,,,,,,,,,,,,,,,,
,,,,"('8mth', 'Kelantan')",1,,,,,,,,,,,,,,,,,,,,,,,,,,
,,,,"('8mth', 'Melaka')",1,,,,,,,,,,,,,,,,,,,,,,,,,,
,,,,"('8mth', 'Negeri Sembilan')",1,,,,,,,,,,,,,,,,,,,,,,,,,,
,,,,"('8mth', 'Pahang')",1,,,,,,,,,,,,,,,,,,,,,,,,,,
,,,,"('8mth', 'Perak')",1,,,,,,,,,,,,,,,,,,,,,,,,,,
,,,,"('8mth', 'Perlis')",1,,,,,,,,,,,,,,,,,,,,,,,,,,
,,,,"('8mth', 'Pulau Pinang')",1,,,,,,,,,,,,,,,,,,,,,,,,,,
,,,,"('8mth', 'Sabah')",1,,,,,,,,,,,,,,,,,,,,,,,,,,
,,,,"('8mth', 'Sarawak')",1,,,,,,,,,,,,,,,,,,,,,,,,,,
,,,,"('8mth', 'Selangor')",1,,,,,,,,,,,,,,,,,,,,,,,,,,
,,,,"('8mth', 'Terengganu')",1,,,,,,,,,,,,,,,,,,,,,,,,,,
,,,,"('8mth', 'W.P. Kuala Lumpur')",1,,,,,,,,,,,,,,,,,,,,,,,,,,
,,,,"('8mth', 'W.P. Labuan')",1,,,,,,,,,,,,,,,,,,,,,,,,,,
,,,,"('8mth', 'W.P. Putrajaya')",1,,,,,,,,,,,,,,,,,,,,,,,,,,
,,,,"('9mth', 'Johor')",1,,,,,,,,,,,,,,,,,,,,,,,,,,
,,,,"('9mth', 'Kedah')",1,,,,,,,,,,,,,,,,,,,,,,,,,,
,,,,"('9mth', 'Kelantan')",1,,,,,,,,,,,,,,,,,,,,,,,,,,
,,,,"('9mth', 'Melaka')",1,,,,,,,,,,,,,,,,,,,,,,,,,,
,,,,"('9mth', 'Negeri Sembilan')",1,,,,,,,,,,,,,,,,,,,,,,,,,,
,,,,"('9mth', 'Pahang')",1,,,,,,,,,,,,,,,,,,,,,,,,,,
,,,,"('9mth', 'Perak')",1,,,,,,,,,,,,,,,,,,,,,,,,,,
,,,,"('9mth', 'Perlis')",1,,,,,,,,,,,,,,,,,,,,,,,,,,
,,,,"('9mth', 'Pulau Pinang')",1,,,,,,,,,,,,,,,,,,,,,,,,,,
,,,,"('9mth', 'Sabah')",1,,,,,,,,,,,,,,,,,,,,,,,,,,
,,,,"('9mth', 'Sarawak')",1,,,,,,,,,,,,,,,,,,,,,,,,,,
,,,,"('9mth', 'Selangor')",1,,,,,,,,,,,,,,,,,,,,,,,,,,
,,,,"('9mth', 'Terengganu')",1,,,,,,,,,,,,,,,,,,,,,,,,,,
,,,,"('9mth', 'W.P. Kuala Lumpur')",1,,,,,,,,,,,,,,,,,,,,,,,,,,
,,,,"('9mth', 'W.P. Putrajaya')",1,,,,,,,,,,,,,,,,,,,,,,,,,,
,,,,"('cases_new', 'Johor')",1,,,,,,,,,,,,,,,,,,,,,,,,,,
,,,,"('cases_new', 'Kedah')",1,,,,,,,,,,,,,,,,,,,,,,,,,,
,,,,"('cases_new', 'Kelantan')",1,,,,,,,,,,,,,,,,,,,,,,,,,,
,,,,"('cases_new', 'Melaka')",1,,,,,,,,,,,,,,,,,,,,,,,,,,
,,,,"('cases_new', 'Negeri Sembilan')",1,,,,,,,,,,,,,,,,,,,,,,,,,,
,,,,"('cases_new', 'Pahang')",1,,,,,,,,,,,,,,,,,,,,,,,,,,
,,,,"('cases_new', 'Perak')",1,,,,,,,,,,,,,,,,,,,,,,,,,,
,,,,"('cases_new', 'Perlis')",1,,,,,,,,,,,,,,,,,,,,,,,,,,
,,,,"('cases_new', 'Pulau Pinang')",1,,,,,,,,,,,,,,,,,,,,,,,,,,
,,,,"('cases_new', 'Sabah')",1,,,,,,,,,,,,,,,,,,,,,,,,,,
,,,,"('cases_new', 'Selangor')",1,,,,,,,,,,,,,,,,,,,,,,,,,,
,,,,"('cases_new', 'Terengganu')",29,,,,,,,,,,,,,,,,,,,,,,,,,,
